,게시글번호,기준일,기준시간,확진자 수,사망자 수,게시글번호(감염현황 고유값),등록일시분초,수정일시분초
0,5455,2021-12-30,00:00,625963,19251165,743,2021-12-30 09:06:07.06,2021-12-31 09:06:08.729
1,5382,2021-12-29,00:00,620928,19196738,742,2021-12-29 08:56:22.982,2021-12-31 09:05:59.006
2,5346,2021-12-28,00:00,615520,19141481,741,2021-12-28 09:01:15.646,2021-12-31 09:05:49.778
3,5300,2021-12-27,00:00,611655,19082135,740,2021-12-27 08:59:50.623,2021-12-31 09:05:43.312
4,5245,2021-12-26,00:00,607450,19040194,739,2021-12-26 07:59:54.187,2021-12-31 09:05:28.706
5,5176,2021-12-25,00:00,602054,18994820,738,2021-12-25 07:33:26.751,2021-12-31 09:05:20.043
6,5071,2021-12-24,00:00,596194,18929158,737,2021-12-24 09:02:52.845,2021-12-31 09:05:10.596
7,5015,2021-12-23,00:00,589961,18859285,736,2021-12-23 08:52:40.512,2021-12-31 09:05:02.888
8,4906,2021-12-22,00:00,583047,18786344,735,2021-12-22 09:18:12.299,2021-12-30 09:07:39.267
9,4828,2021-12-21,00:00,575595,18718803,734,2021-12-21 09:01:45.74,2021-12-29 08:57:08.866
10,4776,2021-12-20,00:00,570403,18645857,733,2021-12-20 09:02:35.235,2021-12-26 08:00:45.727
11,4722,2021-12-19,00:00,565087,18593165,732,2021-12-19 09:00:28.825,2021-12-26 08:00:34.995
12,4644,2021-12-18,00:00,558854,18539009,731,2021-12-18 09:10:13.455,2021-12-26 08:00:22.206
13,4591,2021-12-17,00:00,551544,18460563,730,2021-12-17 09:07:19.97,2021-12-25 07:35:15.466
14,4518,2021-12-16,00:00,544110,18381569,729,2021-12-16 09:09:11.111,2021-12-25 07:35:06.184
15,4456,2021-12-15,00:00,536491,18298675,728,2021-12-15 09:02:08.087,2021-12-25 07:34:57.519
16,4386,2021-12-14,00:00,528642,18224740,727,2021-12-14 09:05:48.519,2021-12-22 09:20:01.681
17,4292,2021-12-13,00:00,523075,18140572,726,2021-12-13 09:00:10.891,2021-12-22 09:19:51.783
18,4252,2021-12-12,00:00,517259,18084589,725,2021-12-12 08:35:19.089,2021-12-20 09:03:46.785
19,4210,2021-12-11,00:00,510578,18024403,724,2021-12-11 06:19:00.000,
20,4130,2021-12-10,00:00,503601,17950721,723,2021-12-10 09:04:53.786,2021-12-17 09:08:03.447
21,4077,2021-12-09,00:00,496853,17870821,722,2021-12-09 09:05:11.285,2021-12-17 09:07:54.162
22,4020,2021-12-08,00:00,489478,17787657,721,2021-12-08 08:56:34.509,2021-12-17 09:07:45.766
23,3957,2021-12-07,00:00,482305,17709512,720,2021-12-07 09:03:37.814,2021-12-15 09:03:25.128
24,3893,2021-12-06,00:00,477352,17628218,719,2021-12-06 09:00:01.23,2021-12-14 09:35:42.827
25,3852,2021-12-05,00:00,473028,17577570,718,2021-12-05 08:34:20.927,2021-12-14 09:35:51.094
26,3809,2021-12-04,00:00,467903,17527015,717,2021-12-04 09:08:47.492,2021-12-12 08:50:18.992
27,3739,2021-12-03,00:00,462551,17457487,716,2021-12-03 09:09:08.418,2021-12-12 08:50:09.419
28,3705,2021-12-02,00:00,457607,17391434,715,2021-12-02 19:20:16.0,2021-12-12 08:50:00.156
29,3658,2021-12-01,00:00,452344,17329295,714,2021-12-01 09:01:08.27,2021-12-12 08:49:50.763
30,3624,2021-11-30,00:00,447222,17265258,713,2021-11-30 09:02:25.81,2021-12-12 08:49:40.135
31,3580,2021-11-29,00:00,444191,17200325,712,2021-11-29 09:05:16.736,2021-12-12 08:49:29.039
32,3548,2021-11-28,00:00,440884,17158535,711,2021-11-28 08:58:53.394,2021-12-02 09:06:50.152
33,3492,2021-11-27,00:00,436959,17115754,710,2021-11-27 09:32:36.026,2021-12-02 09:06:37.327
34,3440,2021-11-26,00:00,432892,17056003,709,2021-11-26 09:03:03.973,2021-12-02 09:06:24.138
35,3401,2021-11-25,00:00,428996,16998733,708,2021-11-25 09:00:47.897,2021-12-02 09:06:12.94
36,3362,2021-11-24,00:00,425059,16939923,707,2021-11-24 09:08:22.071,2021-12-02 09:06:01.826
37,3328,2021-11-23,00:00,420946,16878955,706,2021-11-23 08:59:47.863,2021-11-30 09:06:13.348
38,3298,2021-11-22,00:00,418249,16816616,705,2021-11-22 09:07:45.615,2021-11-26 09:29:38.144
39,3274,2021-11-21,00:00,415422,16777679,704,2021-11-21 09:05:22.138,2021-11-26 09:29:24.197
40,3244,2021-11-20,00:00,412302,16740119,703,2021-11-20 08:51:26.319,2021-11-26 09:28:52.855
41,3215,2021-11-19,00:00,409097,16684168,702,2021-11-19 08:54:43.169,2021-11-26 09:28:44.079
42,3187,2021-11-18,00:00,406064,16631273,701,2021-11-18 08:34:37.757,2021-11-23 09:01:10.675
43,3158,2021-11-17,00:00,402772,16575880,700,2021-11-17 08:48:17.282,2021-11-23 09:01:22.695
44,3137,2021-11-16,00:00,399583,16525384,699,2021-11-16 08:39:32.225,2021-11-23 09:01:35.496
45,3115,2021-11-15,00:00,397461,16470969,698,2021-11-15 09:35:56.024,2021-11-23 09:01:48.978
46,3103,2021-11-14,00:00,395457,16440427,697,2021-11-14 09:44:03.248,2021-11-18 09:08:34.921
47,3083,2021-11-13,00:00,393039,16408598,696,2021-11-13 09:30:57.908,2021-11-18 09:08:25.526
48,3051,2021-11-12,00:00,390715,16361028,695,2021-11-12 09:27:05.279,2021-11-18 09:08:13.992
49,3033,2021-11-11,00:00,388347,16312771,694,2021-11-11 09:27:17.639,2021-11-18 09:08:03.088
50,3012,2021-11-10,00:00,385829,16261877,693,2021-11-10 09:28:27.999,2021-11-13 09:40:59.266
51,2998,2021-11-09,00:00,383404,16212870,692,2021-11-09 09:24:09.116,2021-11-13 09:41:17.955
52,2980,2021-11-08,00:00,381687,16160828,691,2021-11-08 09:28:41.663,2021-11-13 09:42:01.038
53,2967,2021-11-07,00:00,379933,16130872,690,2021-11-07 09:29:07.692,2021-11-10 09:31:43.446
54,2956,2021-11-06,00:00,377708,16099185,689,2021-11-06 09:37:28.182,2021-11-10 09:31:27.892
55,2936,2021-11-05,00:00,375462,16051667,688,2021-11-05 09:27:51.19,2021-11-10 09:31:04.838
56,2916,2021-11-04,00:00,373119,16001231,687,2021-11-04 09:27:32.684,2021-11-10 09:30:32.046
57,2892,2021-11-03,00:00,370637,15953526,686,2021-11-03 09:28:24.308,2021-11-10 09:30:45.522
58,2874,2021-11-02,00:00,367970,15905185,685,2021-11-02 09:30:05.194,2021-11-04 09:31:12.867
59,2858,2021-11-01,00:00,366382,15849300,684,2021-11-01 06:42:25.145,2021-11-04 09:31:23.547
60,2849,2021-10-31,00:00,364697,15804062,683,2021-10-31 09:17:32.729,2021-11-04 09:31:44.097
61,2830,2021-10-30,00:00,362636,15775697,682,2021-10-30 09:42:07.803,2021-11-04 09:31:55.49
62,2817,2021-10-29,00:00,360532,15730782,681,2021-10-29 09:31:17.46,2021-11-04 09:32:05.724
63,2808,2021-10-28,00:00,358411,15678186,680,2021-10-28 09:33:44.198,2021-11-01 06:34:15.071
64,2797,2021-10-27,00:00,356300,15628306,679,2021-10-27 10:10:24.763,2021-10-30 09:44:12.063
65,2788,2021-10-26,00:00,354355,15579430,677,2021-10-26 09:39:33.439,2021-10-26 19:11:36.585
66,2773,2021-10-25,00:00,353083,15530472,676,2021-10-25 09:45:03.736,2021-10-30 09:44:54.809
67,2766,2021-10-24,00:00,351893,15504979,675,2021-10-24 09:33:19.08,2021-10-30 09:45:50.551
68,2745,2021-10-23,00:00,350472,15481469,674,2021-10-23 10:02:54.872,2021-10-28 09:30:49.899
69,2725,2021-10-22,00:00,348964,15437382,673,2021-10-22 09:40:09.614,2021-10-28 09:30:42.515
70,2709,2021-10-21,00:00,347526,15392004,672,2021-10-21 09:43:46.67,2021-10-28 09:30:26.032
71,2698,2021-10-20,00:00,346085,15344729,671,2021-10-20 09:37:29.36,2021-10-28 09:30:16.686
72,2689,2021-10-19,00:00,344514,15296830,670,2021-10-19 09:37:01.052,2021-10-28 09:30:04.103
73,2668,2021-10-18,00:00,343441,15246346,669,2021-10-18 09:39:38.125,2021-10-28 09:29:55.295
74,2660,2021-10-17,00:00,342391,15220864,668,2021-10-17 10:04:43.41,2021-10-28 09:29:46.068
75,2644,2021-10-16,00:00,340971,15198187,667,2021-10-16 09:35:29.169,2021-10-28 09:29:35.805
76,2626,2021-10-15,00:00,339354,15152521,666,2021-10-15 09:39:06.702,2021-10-28 19:13:07.804
77,2618,2021-10-14,00:00,337671,15106360,665,2021-10-14 09:34:17.552,2021-10-28 09:28:39.581
78,2605,2021-10-13,00:00,335732,15062412,664,2021-10-13 09:35:45.02,2021-10-28 09:28:28.48
79,2594,2021-10-12,00:00,334149,15007572,663,2021-10-12 10:34:11.074,2021-10-28 09:28:16.636
80,2583,2021-10-11,00:00,332803,14977407,662,2021-10-11 09:36:36.635,2021-10-28 09:28:03.328
81,2575,2021-10-10,00:00,331506,14951646,661,2021-10-10 09:40:09.109,2021-10-28 09:27:46.567
82,2560,2021-10-09,00:00,329912,14925863,660,2021-10-09 09:42:58.176,2021-10-28 09:27:35.791
83,2554,2021-10-08,00:00,327959,14882186,659,2021-10-08 09:46:59.694,2021-10-28 09:27:22.408
84,2544,2021-10-07,00:00,325788,14833965,658,2021-10-07 09:48:27.592,2021-10-28 09:27:02.424
85,2536,2021-10-06,00:00,323363,14780938,657,2021-10-06 09:49:43.197,2021-10-28 09:26:50.574
86,2524,2021-10-05,00:00,321336,14731627,656,2021-10-05 09:54:11.433,2021-10-28 09:26:38.781
87,2513,2021-10-04,00:00,319762,14701211,655,2021-10-04 09:50:15.715,2021-10-28 09:26:15.517
88,2507,2021-10-03,00:00,318092,14675115,654,2021-10-03 10:22:27.003,2021-10-28 09:26:02.548
89,2504,2021-10-02,00:00,316007,14644685,653,2021-10-02 09:52:30.389,2021-11-01 06:39:30.832
90,2497,2021-10-01,00:00,313760,14596211,652,2021-10-01 09:57:42.109,2021-11-01 06:39:17.105
91,2481,2021-09-30,00:00,311276,14544246,651,2021-09-30 09:58:40.205,2021-11-01 06:39:07.437
92,2474,2021-09-29,00:00,308715,14485251,650,2021-09-29 09:58:03.378,2021-11-01 06:38:56.4
93,2464,2021-09-28,00:00,305834,14425565,649,2021-09-28 09:57:34.945,2021-11-01 06:38:31.954
94,2456,2021-09-27,00:00,303546,14365928,648,2021-09-27 10:08:41.366,2021-11-01 06:38:21.019
95,2450,2021-09-26,00:00,301165,14325932,647,2021-09-26 09:38:04.296,2021-11-01 06:38:11.541
96,2441,2021-09-25,00:00,298397,14285337,646,2021-09-25 10:49:15.225,2021-10-27 21:20:33.866
97,2434,2021-09-24,00:00,295127,14221682,645,2021-09-24 09:53:29.116,2021-10-28 19:03:18.131
98,2427,2021-09-23,00:00,292698,14151069,644,2021-09-23 10:01:14.491,2021-10-28 19:04:10.216
99,2419,2021-09-22,00:00,290983,14112435,643,2021-09-22 09:35:53.93,2021-09-29 20:01:46.502
100,2413,2021-09-21,00:00,289263,14081284,642,2021-09-21 09:39:49.437,2021-09-29 20:03:48.311
101,2409,2021-09-20,00:00,287534,14050974,641,2021-09-20 09:09:41.18,2021-09-29 20:04:59.469
102,2403,2021-09-19,00:00,285930,14020498,640,2021-09-19 09:31:46.109,2021-09-29 20:06:48.46
103,2394,2021-09-18,00:00,284021,13986615,639,2021-09-18 09:58:15.323,2021-10-28 19:15:16.036
104,2389,2021-09-17,00:00,281934,13938955,638,2021-09-17 10:15:01.593,2021-10-28 19:14:59.754
105,2386,2021-09-16,00:00,279926,13890499,637,2021-09-16 09:51:44.269,2021-10-28 19:14:42.389
106,2380,2021-09-15,00:00,277984,13839087,636,2021-09-15 09:51:20.667,2021-10-28 19:14:12.98
107,2367,2021-09-14,00:00,275919,13790239,635,2021-09-14 09:45:02.459,2021-10-28 19:13:59.622
108,2360,2021-09-13,00:00,274411,13735740,634,2021-09-13 09:40:59.629,2021-10-28 19:20:08.897
109,2359,2021-09-12,00:00,272978,13704173,633,2021-09-12 09:35:58.19,2021-10-28 19:21:16.406
110,2358,2021-09-11,00:00,271223,13665460,632,2021-09-11 09:42:37.082,2021-10-28 19:22:56.574
111,2348,2021-09-10,00:00,269359,13615055,631,2021-09-10 09:40:06.372,2021-10-28 19:22:17.484
112,2343,2021-09-09,00:00,267466,13568869,630,2021-09-09 09:40:59.551,2021-10-28 19:38:20.905
113,2334,2021-09-08,00:00,265417,13519664,629,2021-09-08 09:39:50.468,2021-10-28 19:38:49.98
114,2330,2021-09-07,00:00,263370,13468412,628,2021-09-07 09:39:03.178,2021-10-28 19:39:14.738
115,2327,2021-09-06,00:00,261773,13416743,627,2021-09-06 09:43:09.889,2021-10-28 19:39:41.096
116,2321,2021-09-05,00:00,260398,13382733,626,2021-09-05 10:48:36.114,2021-10-28 19:40:09.375
117,2315,2021-09-04,00:00,258908,13350356,624,2021-09-04 09:41:36.458,2021-10-28 19:40:31.254
118,2308,2021-09-03,00:00,257105,13286677,623,2021-09-03 09:44:30.979,2021-10-28 19:40:56.019
119,2303,2021-09-02,00:00,255397,13223511,622,2021-09-02 09:37:25.055,2021-10-28 19:41:37.871
120,2292,2021-09-01,00:00,253437,13152140,621,2021-09-01 09:37:02.395,2021-10-28 19:42:08.953
121,2285,2021-08-31,00:00,251413,13094711,590,2021-08-31 00:00:00.0,2021-10-28 19:43:17.524
122,2284,2021-08-30,00:00,250043,13049678,589,2021-08-30 00:00:00.0,2021-10-28 19:44:30.053
123,2279,2021-08-29,00:00,248558,13015921,588,2021-08-29 00:00:00.0,2021-10-28 19:50:42.937
124,2276,2021-08-28,00:00,246939,12983486,587,2021-08-28 00:00:00.0,2021-10-28 19:51:25.711
125,2265,2021-08-27,00:00,245148,12927789,586,2021-08-27 00:00:00.0,2021-10-28 19:52:24.206
126,2257,2021-08-26,00:00,243311,12866797,585,2021-08-26 00:00:00.0,2021-10-28 19:53:00.801
127,2237,2021-08-25,00:00,241429,12806608,584,2021-08-25 00:00:00.0,2021-10-28 19:53:45.286
128,2228,2021-08-24,00:00,239275,12749751,583,2021-08-24 00:00:00.0,2021-10-28 19:54:27.094
129,2222,2021-08-23,00:00,237768,12694018,582,2021-08-23 00:00:00.0,2021-10-28 19:55:03.137
130,2215,2021-08-22,00:00,236351,12664332,581,2021-08-22 00:00:00.0,2021-10-28 19:55:44.759
131,2202,2021-08-21,00:00,234725,12632591,580,2021-08-21 00:00:00.0,2021-10-28 19:56:39.865
132,2197,2021-08-20,00:00,232938,12567090,579,2021-08-20 00:00:00.0,2021-10-28 19:57:43.769
133,2191,2021-08-19,00:00,230798,12518695,578,2021-08-19 00:00:00.0,2021-10-28 19:58:28.318
134,2178,2021-08-18,00:00,228646,12461676,577,2021-08-18 00:00:00.0,2021-10-28 20:16:22.884
135,2173,2021-08-17,00:00,226843,12404969,576,2021-08-17 00:00:00.0,2021-10-28 20:17:26.816
136,2167,2021-08-16,00:00,225471,12372769,575,2021-08-16 00:00:00.0,2021-10-28 20:18:00.209
137,2156,2021-08-15,00:00,223917,12344711,574,2021-08-15 00:00:00.0,2021-10-28 20:19:10.498
138,2148,2021-08-14,00:00,222101,12309273,573,2021-08-14 00:00:00.0,2021-10-28 20:19:59.1
139,2144,2021-08-13,00:00,220173,12257959,572,2021-08-13 00:00:00.0,2021-10-28 20:20:39.71
140,2138,2021-08-12,00:00,218184,12207035,571,2021-08-12 00:00:00.0,2021-10-28 20:25:41.348
141,2135,2021-08-11,00:00,216197,12156192,570,2021-08-11 00:00:00.0,2021-10-28 20:26:29.769
142,2134,2021-08-10,00:00,213976,12112079,569,2021-08-10 00:00:00.0,2021-10-28 20:27:07.024
143,2125,2021-08-09,00:00,212439,12057824,568,2021-08-09 00:00:00.0,2021-10-28 20:27:36.514
144,2121,2021-08-08,00:00,210948,12027437,567,2021-08-08 00:00:00.0,2021-10-28 20:31:36.737
145,2116,2021-08-07,00:00,209221,11995923,566,2021-08-07 00:00:00.000,2021-10-07 10:30:51.51
146,2113,2021-08-06,00:00,207398,11951646,565,2021-08-06 00:00:00.000,2021-10-07 10:30:51.51
147,2109,2021-08-05,00:00,205694,11908430,564,2021-08-05 00:00:00.000,2021-10-07 10:30:51.51
148,2106,2021-08-04,00:00,203919,11864240,563,2021-08-04 00:00:00.000,2021-10-07 10:30:51.51
149,2104,2021-08-03,00:00,202194,11820011,562,2021-08-03 00:00:00.000,2021-10-07 10:30:51.51
150,2099,2021-08-02,00:00,200994,11772599,561,2021-08-02 00:00:00.000,2021-10-07 10:30:51.51
151,2098,2021-08-01,00:00,199776,11751780,560,2021-08-01 00:00:00.000,2021-10-07 10:30:51.51
152,2095,2021-07-31,00:00,198334,11728815,559,2021-07-31 00:00:00.000,2021-10-07 10:30:51.51
153,2089,2021-07-30,00:00,196796,11682962,558,2021-07-30 00:00:00.000,2021-10-07 10:30:51.51
154,2085,2021-07-29,00:00,195086,11637500,557,2021-07-29 00:00:00.000,2021-10-07 10:30:51.51
155,2083,2021-07-28,00:00,193413,11585607,556,2021-07-28 00:00:00.000,2021-10-07 10:30:51.51
156,2079,2021-07-27,00:00,191518,11528602,555,2021-07-27 00:00:00.000,2021-10-07 10:30:51.51
157,2077,2021-07-26,00:00,190155,11472339,554,2021-07-26 00:00:00.000,2021-10-07 10:30:51.51
158,2073,2021-07-25,00:00,188837,11453340,553,2021-07-25 00:00:00.000,2021-10-07 10:30:51.51
159,2068,2021-07-24,00:00,187350,11430518,552,2021-07-24 00:00:00.000,2021-10-07 10:30:51.51
160,2066,2021-07-23,00:00,185723,11388299,551,2021-07-23 00:00:00.000,2021-10-07 10:30:51.51
161,2063,2021-07-22,00:00,184094,11343913,550,2021-07-22 00:00:00.000,2021-10-07 10:30:51.51
162,2060,2021-07-21,00:00,182253,11298669,549,2021-07-21 00:00:00.000,2021-10-07 10:30:51.51
163,2059,2021-07-20,00:00,180472,11251982,548,2021-07-20 00:00:00.000,2021-10-07 10:30:51.51
164,2058,2021-07-19,00:00,179194,11202429,547,2021-07-19 00:00:00.000,2021-10-07 10:30:51.51
165,2057,2021-07-18,00:00,177943,11175977,546,2021-07-18 00:00:00.000,2021-10-07 10:30:51.51
166,2055,2021-07-17,00:00,176490,11149223,545,2021-07-17 00:00:00.000,2021-10-07 10:30:51.51
167,2051,2021-07-16,00:00,175041,11108582,544,2021-07-16 00:00:00.000,2021-10-07 10:30:51.51
168,2050,2021-07-15,00:00,173506,11060454,543,2021-07-15 00:00:00.000,2021-10-07 10:30:51.51
169,2048,2021-07-14,00:00,171907,11008857,542,2021-07-14 00:00:00.000,2021-10-07 10:30:51.51
170,2046,2021-07-13,00:00,170294,10964297,541,2021-07-13 00:00:00.000,2021-10-07 10:30:51.51
171,2044,2021-07-12,00:00,169144,10919896,540,2021-07-12 00:00:00.000,2021-10-07 10:30:51.51
172,2043,2021-07-11,00:00,168044,10902276,539,2021-07-11 00:00:00.000,2021-10-07 10:30:51.51
173,2038,2021-07-10,00:00,166720,10881638,538,2021-07-10 00:00:00.000,2021-10-07 10:30:51.51
174,2036,2021-07-09,00:00,165342,10844215,537,2021-07-09 00:00:00.000,2021-10-07 10:30:51.51
175,2034,2021-07-08,00:00,164026,10802780,536,2021-07-08 00:00:00.000,2021-10-07 10:30:51.51
176,2033,2021-07-07,00:00,162751,10766500,535,2021-07-07 00:00:00.000,2021-10-07 10:30:51.51
177,2032,2021-07-06,00:00,161540,10735715,534,2021-07-06 00:00:00.000,2021-10-07 10:30:51.51
178,2028,2021-07-05,00:00,160794,10700133,533,2021-07-05 00:00:00.000,2021-10-07 10:30:51.51
179,2026,2021-07-04,00:00,160083,10685124,532,2021-07-04 00:00:00.000,2021-10-07 10:30:51.51
180,2025,2021-07-03,00:00,159340,10670616,531,2021-07-03 00:00:00.000,2021-10-07 10:30:51.51
181,2024,2021-07-02,00:00,158546,10641601,530,2021-07-02 00:00:00.000,2021-10-07 10:30:51.51
182,2021,2021-07-01,00:00,157721,10614315,529,2021-07-01 00:00:00.000,2021-10-07 10:30:51.51
183,2018,2021-06-30,00:00,156960,10579071,528,2021-06-30 00:00:00.000,2021-10-07 10:30:51.51
184,2017,2021-06-29,00:00,156166,10555740,527,2021-06-29 00:00:00.000,2021-10-07 10:30:51.51
185,2015,2021-06-28,00:00,155571,10520928,526,2021-06-28 00:00:00.000,2021-10-07 10:30:51.51
186,2013,2021-06-27,00:00,155070,10508677,525,2021-06-27 00:00:00.000,2021-10-07 10:30:51.51
187,2012,2021-06-26,00:00,154456,10495515,524,2021-06-26 00:00:00.000,2021-10-07 10:30:51.51
188,2009,2021-06-25,00:00,153788,10466544,523,2021-06-25 00:00:00.000,2021-10-07 10:30:51.51
189,2008,2021-06-24,00:00,153154,10438781,522,2021-06-24 00:00:00.000,2021-10-07 10:30:51.51
190,2007,2021-06-23,00:00,152544,10409948,521,2021-06-23 00:00:00.000,2021-10-07 10:30:51.51
191,2006,2021-06-22,00:00,151899,10380042,520,2021-06-22 00:00:00.000,2021-10-07 10:30:51.51
192,2004,2021-06-21,00:00,151505,10346046,519,2021-06-21 00:00:00.000,2021-10-07 10:30:51.51
193,2002,2021-06-20,00:00,151148,10335633,518,2021-06-20 00:00:00.000,2021-10-07 10:30:51.51
194,1997,2021-06-19,00:00,150719,10323153,517,2021-06-19 00:00:00.000,2021-10-07 10:30:51.51
195,1996,2021-06-18,00:00,150237,10294047,516,2021-06-18 00:00:00.000,2021-10-07 10:30:51.51
196,1994,2021-06-17,00:00,149730,10257835,515,2021-06-17 00:00:00.000,2021-10-07 10:30:51.51
197,1993,2021-06-16,00:00,149190,10229383,514,2021-06-16 00:00:00.000,2021-10-07 10:30:51.51
198,1992,2021-06-15,00:00,148645,10196468,513,2021-06-15 00:00:00.000,2021-10-07 10:30:51.51
199,1988,2021-06-14,00:00,148272,10165496,512,2021-06-14 00:00:00.000,2021-10-07 10:30:51.51
200,1985,2021-06-13,00:00,147873,10152906,511,2021-06-13 00:00:00.000,2021-10-07 10:30:51.51
201,1982,2021-06-12,00:00,147421,10140534,510,2021-06-12 00:00:00.000,2021-10-07 10:30:51.51
202,1981,2021-06-11,00:00,146856,10111063,509,2021-06-11 00:00:00.000,2021-10-07 10:30:51.51
203,1979,2021-06-10,00:00,146300,10076861,508,2021-06-10 00:00:00.000,2021-10-07 10:30:51.51
204,1977,2021-06-09,00:00,145690,10044782,507,2021-06-09 00:00:00.000,2021-10-07 10:30:51.51
205,1975,2021-06-08,00:00,145088,10008582,506,2021-06-08 00:00:00.000,2021-10-07 10:30:51.51
206,1974,2021-06-07,00:00,144634,9972295,505,2021-06-07 00:00:00.000,2021-10-07 10:30:51.51
207,1973,2021-06-06,00:00,144149,9959695,504,2021-06-06 00:00:00.000,2021-10-07 10:30:51.51
208,1971,2021-06-05,00:00,143593,9945952,503,2021-06-05 00:00:00.000,2021-10-07 10:30:51.51
209,1969,2021-06-04,00:00,142849,9911322,502,2021-06-04 00:00:00.000,2021-10-07 10:30:51.51
210,1968,2021-06-03,00:00,142154,9872322,501,2021-06-03 00:00:00.000,2021-10-07 10:30:51.51
211,1965,2021-06-02,00:00,141473,9834348,500,2021-06-02 00:00:00.000,2021-10-07 10:30:51.51
212,1963,2021-06-01,00:00,140796,9798400,499,2021-06-01 00:00:00.000,2021-10-07 10:30:51.51
213,1959,2021-05-31,00:00,140337,9761156,498,2021-05-30 00:00:00.0,2021-10-14 13:48:56.821
214,1957,2021-05-30,00:00,139907,9747612,497,2021-05-30 00:00:00.000,2021-10-07 10:30:51.51
215,1951,2021-05-29,00:00,139427,9733588,496,2021-05-29 00:00:00.000,2021-10-07 10:30:51.51
216,1946,2021-05-28,00:00,138894,9702453,495,2021-05-28 00:00:00.000,2021-10-07 10:30:51.51
217,1943,2021-05-27,00:00,138307,9665690,494,2021-05-27 00:00:00.000,2021-10-07 10:30:51.51
218,1940,2021-05-26,00:00,137678,9629455,493,2021-05-26 00:00:00.000,2021-10-07 10:30:51.51
219,1938,2021-05-25,00:00,136973,9592726,492,2021-05-25 00:00:00.000,2021-10-07 10:30:51.51
220,1934,2021-05-24,00:00,136457,9553612,491,2021-05-24 00:00:00.000,2021-10-07 10:30:51.51
221,1931,2021-05-23,00:00,135927,9536298,490,2021-05-23 00:00:00.000,2021-10-07 10:30:51.51
222,1926,2021-05-22,00:00,135342,9520965,489,2021-05-22 00:00:00.000,2021-10-07 10:30:51.51
223,1922,2021-05-21,00:00,134676,9487107,488,2021-05-21 00:00:00.000,2021-10-07 10:30:51.51
224,1916,2021-05-20,00:00,134115,9447357,487,2021-05-20 00:00:00.000,2021-10-07 10:30:51.51
225,1912,2021-05-19,00:00,133469,9428643,486,2021-05-19 00:00:00.000,2021-10-07 10:30:51.51
226,1904,2021-05-18,00:00,132815,9395003,485,2021-05-18 00:00:00.000,2021-10-07 10:30:51.51
227,1903,2021-05-17,00:00,132287,9353299,484,2021-05-17 00:00:00.000,2021-10-07 10:30:51.51
228,1900,2021-05-16,00:00,131668,9336613,483,2021-05-16 00:00:00.000,2021-10-07 10:30:51.51
229,1896,2021-05-15,00:00,131058,9319093,482,2021-05-15 00:00:00.000,2021-10-07 10:30:51.51
230,1893,2021-05-14,00:00,130377,9281290,481,2021-05-14 00:00:00.000,2021-10-07 10:30:51.51
231,1891,2021-05-13,00:00,129630,9241152,480,2021-05-13 00:00:00.000,2021-10-07 10:30:51.51
232,1884,2021-05-12,00:00,128915,9201538,479,2021-05-12 00:00:00.000,2021-10-07 10:30:51.51
233,1879,2021-05-11,00:00,128281,9164283,478,2021-05-11 00:00:00.000,2021-10-07 10:30:51.51
234,1875,2021-05-10,00:00,127771,9122058,477,2021-05-10 00:00:00.000,2021-10-07 10:30:51.51
235,1874,2021-05-09,00:00,127308,9105770,476,2021-05-09 00:00:00.000,2021-10-07 10:30:51.51
236,1865,2021-05-08,00:00,126744,9089165,475,2021-05-08 00:00:00.000,2021-10-07 10:30:51.51
237,1860,2021-05-07,00:00,126043,9051353,474,2021-05-07 00:00:00.000,2021-10-07 10:30:51.51
238,1851,2021-05-06,00:00,125518,9010991,473,2021-05-06 00:00:00.000,2021-10-07 10:30:51.51
239,1847,2021-05-05,00:00,124944,8994068,472,2021-05-05 00:00:00.000,2021-10-07 10:30:51.51
240,1840,2021-05-04,00:00,124268,8957154,471,2021-05-04 00:00:00.000,2021-10-07 10:30:51.51
241,1834,2021-05-03,00:00,123727,8915325,470,2021-05-03 00:00:00.000,2021-10-07 10:30:51.51
242,1833,2021-05-02,00:00,123239,8898233,469,2021-05-02 00:00:00.000,2021-10-07 10:30:51.51
243,1831,2021-05-01,00:00,122633,8883387,468,2021-05-01 00:00:00.000,2021-10-07 10:30:51.51
244,1828,2021-04-30,00:00,122006,8848291,467,2021-04-30 00:00:00.000,2021-10-07 10:30:51.51
245,1825,2021-04-29,00:00,121345,8805778,466,2021-04-29 00:00:00.000,2021-10-07 10:30:51.51
246,1821,2021-04-28,00:00,120666,8766496,465,2021-04-28 00:00:00.000,2021-10-07 10:30:51.51
247,1820,2021-04-27,00:00,119897,8721608,464,2021-04-27 00:00:00.000,2021-10-07 10:30:51.51
248,1817,2021-04-26,00:00,119385,8672977,463,2021-04-26 00:00:00.000,2021-10-07 10:30:51.51
249,1813,2021-04-25,00:00,118886,8654790,462,2021-04-25 00:00:00.000,2021-10-07 10:30:51.51
250,1812,2021-04-24,00:00,118242,8632922,461,2021-04-24 00:00:00.000,2021-10-07 10:30:51.51
251,1811,2021-04-23,00:00,117457,8583529,460,2021-04-23 00:00:00.000,2021-10-07 10:30:51.51
252,1808,2021-04-22,00:00,116660,8537504,459,2021-04-22 00:00:00.000,2021-10-07 10:30:51.51
253,1806,2021-04-21,00:00,115925,8497593,458,2021-04-21 00:00:00.000,2021-10-07 10:30:51.51
254,1802,2021-04-20,00:00,115194,8458591,457,2021-04-20 00:00:00.000,2021-10-07 10:30:51.51
255,1801,2021-04-19,00:00,114645,8414820,456,2021-04-19 00:00:00.000,2021-10-07 10:30:51.51
256,1797,2021-04-18,00:00,114113,8396065,455,2021-04-18 00:00:00.000,2021-10-07 10:30:51.51
257,1794,2021-04-17,00:00,113442,8377778,454,2021-04-17 00:00:00.000,2021-10-07 10:30:51.51
258,1790,2021-04-16,00:00,112784,8333331,453,2021-04-16 00:00:00.000,2021-10-07 10:30:51.51
259,1788,2021-04-15,00:00,112111,8291124,452,2021-04-15 00:00:00.000,2021-10-07 10:30:51.51
260,1782,2021-04-14,00:00,111413,8245386,451,2021-04-14 00:00:00.000,2021-10-07 10:30:51.51
261,1775,2021-04-13,00:00,110682,8200517,450,2021-04-13 00:00:00.000,2021-10-07 10:30:51.51
262,1770,2021-04-12,00:00,110140,8152781,449,2021-04-12 00:00:00.000,2021-10-07 10:30:51.51
263,1768,2021-04-11,00:00,109553,8129530,448,2021-04-11 00:00:00.000,2021-10-07 10:30:51.51
264,1765,2021-04-10,00:00,108939,8106628,447,2021-04-10 00:00:00.000,2021-10-07 10:30:51.51
265,1764,2021-04-09,00:00,108262,8059111,446,2021-04-09 00:00:00.000,2021-10-07 10:30:51.51
266,1758,2021-04-08,00:00,107591,8012419,445,2021-04-08 00:00:00.000,2021-10-07 10:30:51.51
267,1756,2021-04-07,00:00,106891,7966165,444,2021-04-07 00:00:00.000,2021-10-07 10:30:51.51
268,1752,2021-04-06,00:00,106223,7921288,443,2021-04-06 00:00:00.000,2021-10-07 10:30:51.51
269,1748,2021-04-05,00:00,105746,7868818,442,2021-04-05 00:00:00.000,2021-10-07 10:30:51.51
270,1744,2021-04-04,00:00,105273,7849474,441,2021-04-04 00:00:00.000,2021-10-07 10:30:51.51
271,1740,2021-04-03,00:00,104730,7829599,440,2021-04-03 00:00:00.000,2021-10-07 10:30:51.51
272,1737,2021-04-02,00:00,104187,7788293,439,2021-04-02 00:00:00.000,2021-10-07 10:30:51.51
273,1735,2021-04-01,00:00,103630,7747301,438,2021-04-01 00:00:00.000,2021-10-07 10:30:51.51
274,1731,2021-03-31,00:00,103079,7707798,437,2021-03-31 00:00:00.000,2021-10-07 10:30:51.51
275,1729,2021-03-30,00:00,102573,7663997,436,2021-03-30 00:00:00.000,2021-10-07 10:30:51.51
276,1726,2021-03-29,00:00,102126,7616328,435,2021-03-29 00:00:00.000,2021-10-07 10:30:51.51
277,1722,2021-03-28,00:00,101744,7595594,434,2021-03-28 00:00:00.000,2021-10-07 10:30:51.51
278,1721,2021-03-27,00:00,101262,7572566,433,2021-03-27 00:00:00.000,2021-10-07 10:30:51.51
279,1716,2021-03-26,00:00,100757,7529401,432,2021-03-26 00:00:00.000,2021-10-07 10:30:51.51
280,1709,2021-03-25,00:00,100268,7485858,431,2021-03-25 00:00:00.000,2021-10-07 10:30:51.51
281,1707,2021-03-24,00:00,99838,7441209,430,2021-03-24 00:00:00.000,2021-10-07 10:30:51.51
282,1704,2021-03-23,00:00,99410,7400989,429,2021-03-23 00:00:00.000,2021-10-07 10:30:51.51
283,1697,2021-03-22,00:00,99064,7355963,428,2021-03-22 00:00:00.000,2021-10-07 10:30:51.51
284,1696,2021-03-21,00:00,98649,7332713,427,2021-03-21 00:00:00.000,2021-10-07 10:30:51.51
285,1693,2021-03-20,00:00,98193,7308949,426,2021-03-20 00:00:00.000,2021-10-07 10:30:51.51
286,1690,2021-03-19,00:00,97746,7264940,425,2021-03-19 00:00:00.000,2021-10-07 10:30:51.51
287,1688,2021-03-18,00:00,97283,7218086,424,2021-03-18 00:00:00.000,2021-10-07 10:30:51.51
288,1686,2021-03-17,00:00,96838,7171509,423,2021-03-17 00:00:00.000,2021-10-07 10:30:51.51
289,1678,2021-03-16,00:00,96369,7126076,422,2021-03-16 00:00:00.000,2021-10-07 10:30:51.51
290,1675,2021-03-15,00:00,96006,7084939,421,2021-03-15 00:00:00.000,2021-10-07 10:30:51.51
291,1669,2021-03-14,00:00,95627,7066400,420,2021-03-14 00:00:00.000,2021-10-07 10:30:51.51
292,1667,2021-03-13,00:00,95168,7046781,419,2021-03-13 00:00:00.000,2021-10-07 10:30:51.51
293,1662,2021-03-12,00:00,94678,7012663,418,2021-03-12 00:00:00.000,2021-10-07 10:30:51.51
294,1652,2021-03-11,00:00,94190,6976984,417,2021-03-11 00:00:00.000,2021-10-07 10:30:51.51
295,1648,2021-03-10,00:00,93725,6938883,416,2021-03-10 00:00:00.000,2021-10-07 10:30:51.51
296,1645,2021-03-09,00:00,93255,6902983,415,2021-03-09 00:00:00.000,2021-10-07 10:30:51.51
297,1642,2021-03-08,00:00,92809,6861808,414,2021-03-08 00:00:00.000,2021-10-07 10:30:51.51
298,1634,2021-03-07,00:00,92463,6843125,413,2021-03-07 00:00:00.000,2021-10-07 10:30:51.51
299,1632,2021-03-06,00:00,92047,6821942,412,2021-03-06 00:00:00.000,2021-10-07 10:30:51.51
300,1627,2021-03-05,00:00,91629,6789010,411,2021-03-05 00:00:00.000,2021-10-07 10:30:51.51
301,1619,2021-03-04,00:00,91231,6751899,410,2021-03-04 00:00:00.000,2021-10-07 10:30:51.51
302,1612,2021-03-03,00:00,90807,6716202,409,2021-03-03 00:00:00.000,2021-10-07 10:30:51.51
303,1606,2021-03-02,00:00,90363,6681975,408,2021-03-02 00:00:00.000,2021-10-07 10:30:51.51
304,1605,2021-03-01,00:00,90019,6665754,407,2021-03-01 00:00:00.000,2021-10-07 10:30:51.51
305,1603,2021-02-28,00:00,89664,6649005,406,2021-02-28 00:00:00.000,2021-10-07 10:30:51.51
306,1595,2021-02-27,00:00,89309,6627214,405,2021-02-27 00:00:00.000,2021-10-07 10:30:51.51
307,1585,2021-02-26,00:00,88894,6590065,404,2021-02-26 00:00:00.000,2021-10-07 10:30:51.51
308,1581,2021-02-25,00:00,88507,6551213,403,2021-02-25 00:00:00.000,2021-10-07 10:30:51.51
309,1576,2021-02-24,00:00,88112,6510987,402,2021-02-24 00:00:00.000,2021-10-07 10:30:51.51
310,1573,2021-02-23,00:00,87672,6472678,401,2021-02-23 00:00:00.000,2021-10-07 10:30:51.51
311,1562,2021-02-22,00:00,87316,6429143,400,2021-02-22 00:00:00.000,2021-10-07 10:30:51.51
312,1557,2021-02-21,00:00,86984,6411339,399,2021-02-21 00:00:00.000,2021-10-07 10:30:51.51
313,1553,2021-02-20,00:00,86568,6390630,398,2021-02-20 00:00:00.000,2021-10-07 10:30:51.51
314,1550,2021-02-19,00:00,86120,6345991,397,2021-02-19 00:00:00.000,2021-10-07 10:30:51.51
315,1544,2021-02-18,00:00,85559,6303213,396,2021-02-18 00:00:00.000,2021-10-07 10:30:51.51
316,1538,2021-02-17,00:00,84938,6260566,395,2021-02-17 00:00:00.000,2021-10-07 10:30:51.51
317,1534,2021-02-16,00:00,84317,6213489,394,2021-02-16 00:00:00.000,2021-10-07 10:30:51.51
318,1527,2021-02-15,00:00,83860,6162859,393,2021-02-15 00:00:00.000,2021-10-07 10:30:51.51
319,1522,2021-02-14,00:00,83517,6140085,392,2021-02-14 00:00:00.000,2021-10-07 10:30:51.51
320,1514,2021-02-13,00:00,83191,6115336,391,2021-02-13 00:00:00.000,2021-10-07 10:30:51.51
321,1507,2021-02-12,00:00,82829,6093368,390,2021-02-12 00:00:00.000,2021-10-07 10:30:51.51
322,1496,2021-02-11,00:00,82426,6070007,389,2021-02-11 00:00:00.000,2021-10-07 10:30:51.51
323,1486,2021-02-10,00:00,81922,6030022,388,2021-02-10 00:00:00.000,2021-10-07 10:30:51.51
324,1482,2021-02-09,00:00,81478,5987404,387,2021-02-09 00:00:00.000,2021-10-07 10:30:51.51
325,1474,2021-02-08,00:00,81175,5938195,386,2021-02-08 00:00:00.000,2021-10-07 10:30:51.51
326,1471,2021-02-07,00:00,80887,5916974,385,2021-02-07 00:00:00.000,2021-10-07 10:30:51.51
327,1464,2021-02-06,00:00,80516,5893352,384,2021-02-06 00:00:00.000,2021-10-07 10:30:51.51
328,1459,2021-02-05,00:00,80126,5847177,383,2021-02-05 00:00:00.000,2021-10-07 10:30:51.51
329,1448,2021-02-04,00:00,79756,5803094,382,2021-02-04 00:00:00.000,2021-10-07 10:30:51.51
330,1441,2021-02-03,00:00,79305,5756713,381,2021-02-03 00:00:00.000,2021-10-07 10:30:51.51
331,1435,2021-02-02,00:00,78838,5711412,380,2021-02-02 00:00:00.000,2021-10-07 10:30:51.51
332,1425,2021-02-01,00:00,78502,5661841,379,2021-02-01 00:00:00.000,2021-10-07 10:30:51.51
333,1420,2021-01-31,00:00,78197,5640817,378,2021-01-31 00:00:00.000,2021-10-07 10:30:51.51
334,1414,2021-01-30,00:00,77843,5616527,377,2021-01-30 00:00:00.000,2021-10-07 10:30:51.51
335,1399,2021-01-29,00:00,77387,5569261,376,2021-01-29 00:00:00.000,2021-10-07 10:30:51.51
336,1386,2021-01-28,00:00,76918,5522186,375,2021-01-28 00:00:00.000,2021-10-07 10:30:51.51
337,1378,2021-01-27,00:00,76421,5469244,374,2021-01-27 00:00:00.000,2021-10-07 10:30:51.51
338,1371,2021-01-26,00:00,75862,5422760,373,2021-01-26 00:00:00.000,2021-10-07 10:30:51.51
339,1360,2021-01-25,00:00,75513,5376083,372,2021-01-25 00:00:00.000,2021-10-07 10:30:51.51
340,1349,2021-01-24,00:00,75076,5354346,371,2021-01-24 00:00:00.000,2021-10-07 10:30:51.51
341,1337,2021-01-23,00:00,74684,5329704,370,2021-01-23 00:00:00.000,2021-10-07 10:30:51.51
342,1328,2021-01-22,00:00,74253,5282220,369,2021-01-22 00:00:00.000,2021-10-07 10:30:51.51
343,1316,2021-01-21,00:00,73907,5237602,368,2021-01-21 00:00:00.000,2021-10-07 10:30:51.51
344,1300,2021-01-20,00:00,73507,5192124,367,2021-01-20 00:00:00.000,2021-10-07 10:30:51.51
345,1283,2021-01-19,00:00,73103,5140320,366,2021-01-19 00:00:00.000,2021-10-07 10:30:51.51
346,1264,2021-01-18,00:00,72717,5087214,365,2021-01-18 00:00:00.000,2021-10-07 10:30:51.51
347,1249,2021-01-17,00:00,72328,5061284,364,2021-01-17 00:00:00.000,2021-10-07 10:30:51.51
348,1236,2021-01-16,00:00,71808,5032264,363,2021-01-16 00:00:00.000,2021-10-07 10:30:51.51
349,1217,2021-01-15,00:00,71228,4978068,362,2021-01-15 00:00:00.000,2021-10-07 10:30:51.51
350,1195,2021-01-14,00:00,70716,4925353,361,2021-01-14 00:00:00.000,2021-10-07 10:30:51.51
351,1185,2021-01-13,00:00,70192,4872306,360,2021-01-13 00:00:00.000,2021-10-07 10:30:51.51
352,1165,2021-01-12,00:00,69631,4814079,359,2021-01-12 00:00:00.000,2021-10-07 10:30:51.51
353,1140,2021-01-11,00:00,69094,4751679,358,2021-01-11 00:00:00.000,2021-10-07 10:30:51.51
354,1125,2021-01-10,00:00,68643,4723457,357,2021-01-10 00:00:00.000,2021-10-07 10:30:51.51
355,1100,2021-01-09,00:00,67986,4689610,356,2021-01-09 00:00:00.000,2021-10-07 10:30:51.51
356,1081,2021-01-08,00:00,67345,4629998,355,2021-01-08 00:00:00.000,2021-10-07 10:30:51.51
357,1046,2021-01-07,00:00,66671,4569802,354,2021-01-07 00:00:00.000,2021-10-07 10:30:51.51
358,1027,2021-01-06,00:00,65802,4504860,353,2021-01-06 00:00:00.000,2021-10-07 10:30:51.51
359,1007,2021-01-05,00:00,64964,4439354,352,2021-01-05 00:00:00.000,2021-10-07 10:30:51.51
360,981,2021-01-04,00:00,64250,4376602,351,2021-01-04 00:00:00.000,2021-10-07 10:30:51.51
361,962,2021-01-03,00:00,63230,4340832,350,2021-01-03 00:00:00.000,2021-10-07 10:30:51.51
362,942,2021-01-02,00:00,62573,4302792,349,2021-01-02 00:00:00.000,2021-10-07 10:30:51.51
363,917,2021-01-01,00:00,61753,4269312,348,2021-01-01 00:00:00.000,2021-10-07 10:30:51.51
364,900,2020-12-31,00:00,60726,4213874,347,2020-12-31 00:00:00.000,2021-10-07 10:30:51.51
365,879,2020-12-30,00:00,59759,4159516,346,2020-12-30 00:00:00.000,2021-10-07 10:30:51.51
366,859,2020-12-29,00:00,58709,4098173,345,2020-12-29 00:00:00.000,2021-10-07 10:30:51.51
367,819,2020-12-28,00:00,57665,4038300,344,2020-12-28 00:00:00.000,2021-10-07 10:30:51.51
368,808,2020-12-27,00:00,56859,4006406,343,2020-12-27 00:00:00.000,2021-10-07 10:30:51.51
369,793,2020-12-26,00:00,55889,3969409,342,2020-12-26 00:00:00.000,2021-10-07 10:30:51.51
370,773,2020-12-25,00:00,54758,3939352,341,2020-12-25 00:00:00.000,2021-10-07 10:30:51.51
371,756,2020-12-24,00:00,53518,3882205,340,2020-12-24 00:00:00.000,2021-10-07 10:30:51.51
372,739,2020-12-23,00:00,52533,3826565,339,2020-12-23 00:00:00.000,2021-10-07 10:30:51.51
373,722,2020-12-22,00:00,51443,3772425,338,2020-12-22 00:00:00.000,2021-10-07 10:30:51.51
374,698,2020-12-21,00:00,50577,3713856,337,2020-12-21 00:00:00.000,2021-10-07 10:30:51.51
375,674,2020-12-20,00:00,49653,3683091,336,2020-12-20 00:00:00.000,2021-10-07 10:30:51.51
376,659,2020-12-19,00:00,48557,3646245,335,2020-12-19 00:00:00.000,2021-10-07 10:30:51.51
377,645,2020-12-18,00:00,47512,3589795,334,2020-12-18 00:00:00.000,2021-10-07 10:30:51.51
378,634,2020-12-17,00:00,46448,3538838,333,2020-12-17 00:00:00.000,2021-10-07 10:30:51.51
379,612,2020-12-16,00:00,45434,3488767,332,2020-12-16 00:00:00.000,2021-10-07 10:30:51.51
380,600,2020-12-15,00:00,44356,3441218,331,2020-12-15 00:00:00.000,2021-10-07 10:30:51.51
381,587,2020-12-14,00:00,43476,3397037,330,2020-12-14 00:00:00.000,2021-10-07 10:30:51.51
382,580,2020-12-13,00:00,42758,3374593,329,2020-12-13 00:00:00.000,2021-10-07 10:30:51.51
383,578,2020-12-12,00:00,41728,3349862,328,2020-12-12 00:00:00.000,2021-10-07 10:30:51.51
384,572,2020-12-11,00:00,40778,3311211,327,2020-12-11 00:00:00.000,2021-10-07 10:30:51.51
385,564,2020-12-10,00:00,40089,3277946,326,2020-12-10 00:00:00.000,2021-10-07 10:30:51.51
386,556,2020-12-09,00:00,39409,3253219,325,2020-12-09 00:00:00.000,2021-10-07 10:30:51.51
387,552,2020-12-08,00:00,38739,3221316,324,2020-12-08 00:00:00.000,2021-10-07 10:30:51.51
388,549,2020-12-07,00:00,38152,3209367,323,2020-12-07 00:00:00.000,2021-10-07 10:30:51.51
389,545,2020-12-06,00:00,37537,3194858,322,2020-12-06 00:00:00.000,2021-10-07 10:30:51.51
390,540,2020-12-05,00:00,36906,3180487,321,2020-12-05 00:00:00.000,2021-10-07 10:30:51.51
391,536,2020-12-04,00:00,36329,3157407,320,2020-12-04 00:00:00.000,2021-10-07 10:30:51.51
392,529,2020-12-03,00:00,35701,3131884,319,2020-12-03 00:00:00.000,2021-10-07 10:30:51.51
393,526,2020-12-02,00:00,35161,3106968,318,2020-12-02 00:00:00.000,2021-10-07 10:30:51.51
394,526,2020-12-01,00:00,34650,3083995,317,2020-12-01 00:00:00.000,2021-10-07 10:30:51.51
395,526,2020-11-30,00:00,34199,3061170,316,2020-11-30 00:00:00.000,2021-10-07 10:30:51.51
396,523,2020-11-29,00:00,33761,3046908,315,2020-11-29 00:00:00.000,2021-10-07 10:30:51.51
397,522,2020-11-28,00:00,33311,3031940,314,2020-11-28 00:00:00.000,2021-10-07 10:30:51.51
398,516,2020-11-27,00:00,32808,3009499,313,2020-11-27 00:00:00.000,2021-10-07 10:30:51.51
399,515,2020-11-26,00:00,32253,2987982,312,2020-11-26 00:00:00.000,2021-10-07 10:30:51.51
400,513,2020-11-25,00:00,31672,2966342,311,2020-11-25 00:00:00.000,2021-10-07 10:30:51.51
401,510,2020-11-24,00:00,31290,2946336,310,2020-11-24 00:00:00.000,2021-10-07 10:30:51.51
402,509,2020-11-23,00:00,30941,2922072,309,2020-11-23 00:00:00.000,2021-10-07 10:30:51.51
403,505,2020-11-22,00:00,30670,2908827,308,2020-11-22 00:00:00.000,2021-10-07 10:30:51.51
404,503,2020-11-21,00:00,30340,2896683,307,2020-11-21 00:00:00.000,2021-10-07 10:30:51.51
405,501,2020-11-20,00:00,29954,2873380,306,2020-11-20 00:00:00.000,2021-10-07 10:30:51.51
406,498,2020-11-19,00:00,29606,2853795,305,2020-11-19 00:00:00.000,2021-10-07 10:30:51.51
407,496,2020-11-18,00:00,29281,2834332,304,2020-11-18 00:00:00.000,2021-10-07 10:30:51.51
408,494,2020-11-17,00:00,28996,2815753,303,2020-11-17 00:00:00.000,2021-10-07 10:30:51.51
409,494,2020-11-16,00:00,28766,2797689,302,2020-11-16 00:00:00.000,2021-10-07 10:30:51.51
410,493,2020-11-15,00:00,28544,2786876,301,2020-11-15 00:00:00.000,2021-10-07 10:30:51.51
411,492,2020-11-14,00:00,28336,2777287,300,2020-11-14 00:00:00.000,2021-10-07 10:30:51.51
412,488,2020-11-13,00:00,28131,2761409,299,2020-11-13 00:00:00.000,2021-10-07 10:30:51.51
413,487,2020-11-12,00:00,27940,2749770,298,2020-11-12 00:00:00.000,2021-10-07 10:30:51.51
414,487,2020-11-11,00:00,27797,2736532,297,2020-11-11 00:00:00.000,2021-10-07 10:30:51.51
415,485,2020-11-10,00:00,27652,2723959,296,2020-11-10 00:00:00.000,2021-10-07 10:30:51.51
416,480,2020-11-09,00:00,27552,2709198,295,2020-11-09 00:00:00.000,2021-10-07 10:30:51.51
417,478,2020-11-08,00:00,27426,2702879,294,2020-11-08 00:00:00.000,2021-10-07 10:30:51.51
418,477,2020-11-07,00:00,27283,2697248,293,2020-11-07 00:00:00.000,2021-10-07 10:30:51.51
419,476,2020-11-06,00:00,27194,2686313,292,2020-11-06 00:00:00.000,2021-10-07 10:30:51.51
420,475,2020-11-05,00:00,27049,2673705,291,2020-11-05 00:00:00.000,2021-10-07 10:30:51.51
421,474,2020-11-04,00:00,26924,2662259,290,2020-11-04 00:00:00.000,2021-10-07 10:30:51.51
422,472,2020-11-03,00:00,26807,2649859,289,2020-11-03 00:00:00.000,2021-10-07 10:30:51.51
423,468,2020-11-02,00:00,26732,2636650,288,2020-11-02 00:00:00.000,2021-10-07 10:30:51.51
424,466,2020-11-01,00:00,26635,2630630,287,2020-11-01 00:00:00.000,2021-10-07 10:30:51.51
425,464,2020-10-31,00:00,26511,2624492,286,2020-10-31 00:00:00.000,2021-10-07 10:30:51.51
426,463,2020-10-30,00:00,26384,2612231,285,2020-10-30 00:00:00.000,2021-10-07 10:30:51.51
427,462,2020-10-29,00:00,26271,2597978,284,2020-10-29 00:00:00.000,2021-10-07 10:30:51.51
428,461,2020-10-28,00:00,26146,2582960,283,2020-10-28 00:00:00.000,2021-10-07 10:30:51.51
429,460,2020-10-27,00:00,26043,2567587,282,2020-10-27 00:00:00.000,2021-10-07 10:30:51.51
430,457,2020-10-26,00:00,25955,2552264,281,2020-10-26 00:00:00.000,2021-10-07 10:30:51.51
431,457,2020-10-25,00:00,25836,2546146,280,2020-10-25 00:00:00.000,2021-10-07 10:30:51.51
432,457,2020-10-24,00:00,25775,2540679,279,2020-10-24 00:00:00.000,2021-10-07 10:30:51.51
433,455,2020-10-23,00:00,25698,2528621,278,2020-10-23 00:00:00.000,2021-10-07 10:30:51.51
434,453,2020-10-22,00:00,25543,2515325,277,2020-10-22 00:00:00.000,2021-10-07 10:30:51.51
435,450,2020-10-21,00:00,25422,2503489,276,2020-10-21 00:00:00.000,2021-10-07 10:30:51.51
436,447,2020-10-20,00:00,25333,2491311,275,2020-10-20 00:00:00.000,2021-10-07 10:30:51.51
437,444,2020-10-19,00:00,25275,2479226,274,2020-10-19 00:00:00.000,2021-10-07 10:30:51.51
438,444,2020-10-18,00:00,25199,2474529,273,2020-10-18 00:00:00.000,2021-10-07 10:30:51.51
439,443,2020-10-17,00:00,25108,2468527,272,2020-10-17 00:00:00.000,2021-10-07 10:30:51.51
440,441,2020-10-16,00:00,25035,2459426,271,2020-10-16 00:00:00.000,2021-10-07 10:30:51.51
441,439,2020-10-15,00:00,24988,2450739,270,2020-10-15 00:00:00.000,2021-10-07 10:30:51.51
442,438,2020-10-14,00:00,24878,2441443,269,2020-10-14 00:00:00.000,2021-10-07 10:30:51.51
443,434,2020-10-13,00:00,24794,2428760,268,2020-10-13 00:00:00.000,2021-10-07 10:30:51.51
444,433,2020-10-12,00:00,24703,2415610,267,2020-10-12 00:00:00.000,2021-10-07 10:30:51.51
445,432,2020-10-11,00:00,24605,2410483,266,2020-10-11 00:00:00.000,2021-10-07 10:30:51.51
446,430,2020-10-10,00:00,24547,2404684,265,2020-10-10 00:00:00.000,2021-10-07 10:30:51.51
447,428,2020-10-09,00:00,24475,2400233,264,2020-10-09 00:00:00.000,2021-10-07 10:30:51.51
448,427,2020-10-08,00:00,24421,2388844,263,2020-10-08 00:00:00.000,2021-10-07 10:30:51.51
449,425,2020-10-07,00:00,24352,2378073,262,2020-10-07 00:00:00.000,2021-10-07 10:30:51.51
450,422,2020-10-06,00:00,24238,2365433,261,2020-10-06 00:00:00.000,2021-10-07 10:30:51.51
451,422,2020-10-05,00:00,24163,2352378,260,2020-10-05 00:00:00.000,2021-10-07 10:30:51.51
452,421,2020-10-04,00:00,24090,2346345,259,2020-10-04 00:00:00.000,2021-10-07 10:30:51.51
453,420,2020-10-03,00:00,24026,2339859,258,2020-10-03 00:00:00.000,2021-10-07 10:30:51.51
454,416,2020-10-02,00:00,23951,2333777,257,2020-10-02 00:00:00.000,2021-10-07 10:30:51.51
455,415,2020-10-01,00:00,23888,2328435,256,2020-10-01 00:00:00.000,2021-10-07 10:30:51.51
456,413,2020-09-30,00:00,23811,2322999,255,2020-09-30 00:00:00.000,2021-10-07 10:30:51.51
457,407,2020-09-29,00:00,23698,2313044,254,2020-09-29 00:00:00.000,2021-10-07 10:30:51.51
458,406,2020-09-28,00:00,23660,2301303,253,2020-09-28 00:00:00.000,2021-10-07 10:30:51.51
459,401,2020-09-27,00:00,23610,2296517,252,2020-09-27 00:00:00.000,2021-10-07 10:30:51.51
460,399,2020-09-26,00:00,23515,2290345,251,2020-09-26 00:00:00.000,2021-10-07 10:30:51.51
461,395,2020-09-25,00:00,23454,2280276,250,2020-09-25 00:00:00.000,2021-10-07 10:30:51.51
462,393,2020-09-24,00:00,23340,2268999,249,2020-09-24 00:00:00.000,2021-10-07 10:30:51.51
463,388,2020-09-23,00:00,23215,2256899,248,2020-09-23 00:00:00.000,2021-10-07 10:30:51.51
464,388,2020-09-22,00:00,23105,2245112,247,2020-09-22 00:00:00.000,2021-10-07 10:30:51.51
465,385,2020-09-21,00:00,23044,2231589,246,2020-09-21 00:00:00.000,2021-10-07 10:30:51.51
466,383,2020-09-20,00:00,22974,2226701,245,2020-09-20 00:00:00.000,2021-10-07 10:30:51.51
467,378,2020-09-19,00:00,22892,2219162,244,2020-09-19 00:00:00.000,2021-10-07 10:30:51.51
468,377,2020-09-18,00:00,22782,2206365,243,2020-09-18 00:00:00.000,2021-10-07 10:30:51.51
469,372,2020-09-17,00:00,22656,2191892,242,2020-09-17 00:00:00.000,2021-10-07 10:30:51.51
470,367,2020-09-16,00:00,22503,2178832,241,2020-09-16 00:00:00.000,2021-10-07 10:30:51.51
471,367,2020-09-15,00:00,22390,2164578,240,2020-09-15 00:00:00.000,2021-10-07 10:30:51.51
472,363,2020-09-14,00:00,22284,2151002,239,2020-09-14 00:00:00.000,2021-10-07 10:30:51.51
473,358,2020-09-13,00:00,22175,2143270,238,2020-09-13 00:00:00.000,2021-10-07 10:30:51.51
474,355,2020-09-12,00:00,22054,2135457,237,2020-09-12 00:00:00.000,2021-10-07 10:30:51.51
475,350,2020-09-11,00:00,21918,2119211,236,2020-09-11 00:00:00.000,2021-10-07 10:30:51.51
476,346,2020-09-10,00:00,21742,2099591,235,2020-09-10 00:00:00.000,2021-10-07 10:30:51.51
477,344,2020-09-09,00:00,21587,2082234,234,2020-09-09 00:00:00.000,2021-10-07 10:30:51.51
478,341,2020-09-08,00:00,21431,2066078,233,2020-09-08 00:00:00.000,2021-10-07 10:30:51.51
479,336,2020-09-07,00:00,21295,2051297,232,2020-09-07 00:00:00.000,2021-10-07 10:30:51.51
480,334,2020-09-06,00:00,21176,2045935,231,2020-09-06 00:00:00.000,2021-10-07 10:30:51.51
481,333,2020-09-05,00:00,21009,2037045,230,2020-09-05 00:00:00.000,2021-10-07 10:30:51.51
482,331,2020-09-04,00:00,20841,2018906,229,2020-09-04 00:00:00.000,2021-10-07 10:30:51.51
483,329,2020-09-03,00:00,20643,2000552,228,2020-09-03 00:00:00.000,2021-10-07 10:30:51.51
484,326,2020-09-02,00:00,20448,1980295,227,2020-09-02 00:00:00.000,2021-10-07 10:30:51.51
485,324,2020-09-01,00:00,20181,1959080,226,2020-09-01 00:00:00.000,2021-10-07 10:30:51.51
486,324,2020-08-31,00:00,19946,1937689,225,2020-08-31 00:00:00.000,2021-10-07 10:30:51.51
487,323,2020-08-30,00:00,19698,1924170,224,2020-08-30 00:00:00.000,2021-10-07 10:30:51.51
488,321,2020-08-29,00:00,19399,1909329,223,2020-08-29 00:00:00.000,2021-10-07 10:30:51.51
489,316,2020-08-28,00:00,19076,1887717,222,2020-08-28 00:00:00.000,2021-10-07 10:30:51.51
490,313,2020-08-27,00:00,18705,1869579,221,2020-08-27 00:00:00.000,2021-10-07 10:30:51.51
491,312,2020-08-26,00:00,18264,1849506,220,2020-08-26 00:00:00.000,2021-10-07 10:30:51.51
492,310,2020-08-25,00:00,17944,1825837,219,2020-08-25 00:00:00.000,2021-10-07 10:30:51.51
493,309,2020-08-24,00:00,17664,1804422,218,2020-08-24 00:00:00.000,2021-10-07 10:30:51.51
494,309,2020-08-23,00:00,17398,1791186,217,2020-08-23 00:00:00.000,2021-10-07 10:30:51.51
495,309,2020-08-22,00:00,17002,1775800,216,2020-08-22 00:00:00.000,2021-10-07 10:30:51.51
496,309,2020-08-21,00:00,16670,1754123,215,2020-08-21 00:00:00.000,2021-10-07 10:30:51.51
497,307,2020-08-20,00:00,16346,1734083,214,2020-08-20 00:00:00.000,2021-10-07 10:30:51.51
498,306,2020-08-19,00:00,16058,1715064,213,2020-08-19 00:00:00.000,2021-10-07 10:30:51.51
499,306,2020-08-18,00:00,15761,1697042,212,2020-08-18 00:00:00.000,2021-10-07 10:30:51.51
500,305,2020-08-17,00:00,15515,1688470,211,2020-08-17 00:00:00.000,2021-10-07 10:30:51.51
501,305,2020-08-16,00:00,15318,1681787,210,2020-08-16 00:00:00.000,2021-10-07 10:30:51.51
502,305,2020-08-15,00:00,15039,1675296,209,2020-08-15 00:00:00.000,2021-10-07 10:30:51.51
503,305,2020-08-14,00:00,14873,1665084,208,2020-08-14 00:00:00.000,2021-10-07 10:30:51.51
504,305,2020-08-13,00:00,14770,1654898,207,2020-08-13 00:00:00.000,2021-10-07 10:30:51.51
505,305,2020-08-12,00:00,14714,1646652,206,2020-08-12 00:00:00.000,2021-10-07 10:30:51.51
506,305,2020-08-11,00:00,14660,1637844,205,2020-08-11 00:00:00.000,2021-10-07 10:30:51.51
507,305,2020-08-10,00:00,14626,1628303,204,2020-08-10 00:00:00.000,2021-10-07 10:30:51.51
508,305,2020-08-09,00:00,14598,1624650,203,2020-08-09 00:00:00.000,2021-10-07 10:30:51.51
509,304,2020-08-08,00:00,14562,1620514,202,2020-08-08 00:00:00.000,2021-10-07 10:30:51.51
510,303,2020-08-07,00:00,14519,1613652,201,2020-08-07 00:00:00.000,2021-10-07 10:30:51.51
511,302,2020-08-06,00:00,14499,1606487,200,2020-08-06 00:00:00.000,2021-10-07 10:30:51.51
512,302,2020-08-05,00:00,14456,1598187,199,2020-08-05 00:00:00.000,2021-10-07 10:30:51.51
513,301,2020-08-04,00:00,14423,1589780,198,2020-08-04 00:00:00.000,2021-10-07 10:30:51.51
514,301,2020-08-03,00:00,14389,1579757,197,2020-08-03 00:00:00.000,2021-10-07 10:30:51.51
515,301,2020-08-02,00:00,14366,1576246,196,2020-08-02 00:00:00.000,2021-10-07 10:30:51.51
516,301,2020-08-01,00:00,14336,1571830,195,2020-08-01 00:00:00.000,2021-10-07 10:30:51.51
517,301,2020-07-31,00:00,14305,1563796,194,2020-07-31 00:00:00.000,2021-10-07 10:30:51.51
518,300,2020-07-30,00:00,14269,1556215,193,2020-07-30 00:00:00.000,2021-10-07 10:30:51.51
519,300,2020-07-29,00:00,14251,1547307,192,2020-07-29 00:00:00.000,2021-10-07 10:30:51.51
520,300,2020-07-28,00:00,14203,1537704,191,2020-07-28 00:00:00.000,2021-10-07 10:30:51.51
521,299,2020-07-27,00:00,14175,1526974,190,2020-07-27 00:00:00.000,2021-10-07 10:30:51.51
522,298,2020-07-26,00:00,14150,1522926,189,2020-07-26 00:00:00.000,2021-10-07 10:30:51.51
523,298,2020-07-25,00:00,14092,1518634,188,2020-07-25 00:00:00.000,2021-10-07 10:30:51.51
524,298,2020-07-24,00:00,13979,1510327,187,2020-07-24 00:00:00.000,2021-10-07 10:30:51.51
525,297,2020-07-23,00:00,13938,1500854,186,2020-07-23 00:00:00.000,2021-10-07 10:30:51.51
526,297,2020-07-22,00:00,13879,1492071,185,2020-07-22 00:00:00.000,2021-10-07 10:30:51.51
527,296,2020-07-21,00:00,13816,1482390,184,2020-07-21 00:00:00.000,2021-10-07 10:30:51.51
528,296,2020-07-20,00:00,13771,1470193,183,2020-07-20 00:00:00.000,2021-10-07 10:30:51.51
529,295,2020-07-19,00:00,13745,1465299,182,2020-07-19 00:00:00.000,2021-10-07 10:30:51.51
530,294,2020-07-18,00:00,13711,1460204,181,2020-07-18 00:00:00.000,2021-10-07 10:30:51.51
531,293,2020-07-17,00:00,13672,1451017,180,2020-07-17 00:00:00.000,2021-10-07 10:30:51.51
532,291,2020-07-16,00:00,13612,1441348,179,2020-07-16 00:00:00.000,2021-10-07 10:30:51.51
533,289,2020-07-15,00:00,13551,1431316,178,2020-07-15 00:00:00.000,2021-10-07 10:30:51.51
534,289,2020-07-14,00:00,13512,1420616,177,2020-07-14 00:00:00.000,2021-10-07 10:30:51.51
535,289,2020-07-13,00:00,13479,1408312,176,2020-07-13 00:00:00.000,2021-10-07 10:30:51.51
536,289,2020-07-12,00:00,13417,1402144,175,2020-07-12 00:00:00.000,2021-10-07 10:30:51.51
537,288,2020-07-11,00:00,13373,1396941,174,2020-07-11 00:00:00.000,2021-10-07 10:30:51.51
538,288,2020-07-10,00:00,13338,1384890,173,2020-07-10 00:00:00.000,2021-10-07 10:30:51.51
539,287,2020-07-09,00:00,13293,1371771,172,2020-07-09 00:00:00.000,2021-10-07 10:30:51.51
540,285,2020-07-08,00:00,13243,1359734,171,2020-07-08 00:00:00.000,2021-10-07 10:30:51.51
541,285,2020-07-07,00:00,13181,1346194,170,2020-07-07 00:00:00.000,2021-10-07 10:30:51.51
542,284,2020-07-06,00:00,13137,1331796,169,2020-07-06 00:00:00.000,2021-10-07 10:30:51.51
543,283,2020-07-05,00:00,13089,1326055,168,2020-07-05 00:00:00.000,2021-10-07 10:30:51.51
544,283,2020-07-04,00:00,13028,1319521,167,2020-07-04 00:00:00.000,2021-10-07 10:30:51.51
545,282,2020-07-03,00:00,12965,1307759,166,2020-07-03 00:00:00.000,2021-10-07 10:30:51.51
546,282,2020-07-02,00:00,12904,1295962,165,2020-07-02 00:00:00.000,2021-10-07 10:30:51.51
547,282,2020-07-01,00:00,12850,1285231,164,2020-07-01 00:00:00.000,2021-10-07 10:30:51.51
548,282,2020-06-30,00:00,12799,1273765,163,2020-06-30 00:00:00.000,2021-10-07 10:30:51.51
549,282,2020-06-29,00:00,12757,1259954,162,2020-06-29 00:00:00.000,2021-10-07 10:30:51.51
550,282,2020-06-28,00:00,12715,1251695,161,2020-06-28 00:00:00.000,2021-10-07 10:30:51.51
551,282,2020-06-27,00:00,12653,1243780,160,2020-06-27 00:00:00.000,2021-10-07 10:30:51.51
552,282,2020-06-26,00:00,12602,1232315,159,2020-06-26 00:00:00.000,2021-10-07 10:30:51.51
553,282,2020-06-25,00:00,12563,1220478,158,2020-06-25 00:00:00.000,2021-10-07 10:30:51.51
554,281,2020-06-24,00:00,12535,1208597,157,2020-06-24 00:00:00.000,2021-10-07 10:30:51.51
555,281,2020-06-23,00:00,12484,1196012,156,2020-06-23 00:00:00.000,2021-10-07 10:30:51.51
556,280,2020-06-22,00:00,12438,1182066,155,2020-06-22 00:00:00.000,2021-10-07 10:30:51.51
557,280,2020-06-21,00:00,12421,1176463,154,2020-06-21 00:00:00.000,2021-10-07 10:30:51.51
558,280,2020-06-20,00:00,12373,1170901,153,2020-06-20 00:00:00.000,2021-10-07 10:30:51.51
559,280,2020-06-19,00:00,12306,1158063,152,2020-06-19 00:00:00.000,2021-10-07 10:30:51.51
560,280,2020-06-18,00:00,12257,1145712,151,2020-06-18 00:00:00.000,2021-10-07 10:30:51.51
561,279,2020-06-17,00:00,12198,1132823,150,2020-06-17 00:00:00.000,2021-10-07 10:30:51.51
562,278,2020-06-16,00:00,12155,1119767,149,2020-06-16 00:00:00.000,2021-10-07 10:30:51.51
563,277,2020-06-15,00:00,12121,1105719,148,2020-06-15 00:00:00.000,2021-10-07 10:30:51.51
564,277,2020-06-14,00:00,12084,1100327,147,2020-06-14 00:00:00.000,2021-10-07 10:30:51.51
565,277,2020-06-13,00:00,12050,1094704,146,2020-06-13 00:00:00.000,2021-10-07 10:30:51.51
566,277,2020-06-12,00:00,12002,1081486,145,2020-06-12 00:00:00.000,2021-10-07 10:30:51.51
567,276,2020-06-11,00:00,11946,1066888,144,2020-06-11 00:00:00.000,2021-10-07 10:30:51.51
568,276,2020-06-10,00:00,11901,1051972,143,2020-06-10 00:00:00.000,2021-10-07 10:30:51.51
569,274,2020-06-09,00:00,11851,1035997,142,2020-06-09 00:00:00.000,2021-10-07 10:30:51.51
570,273,2020-06-08,00:00,11813,1018214,141,2020-06-08 00:00:00.000,2021-10-07 10:30:51.51
571,273,2020-06-07,00:00,11776,1012769,140,2020-06-07 00:00:00.000,2021-10-07 10:30:51.51
572,273,2020-06-06,00:00,11719,1005305,139,2020-06-06 00:00:00.000,2021-10-07 10:30:51.51
573,273,2020-06-05,00:00,11668,990960,138,2020-06-05 00:00:00.000,2021-10-07 10:30:51.51
574,273,2020-06-04,00:00,11629,973858,137,2020-06-04 00:00:00.000,2021-10-07 10:30:51.51
575,273,2020-06-03,00:00,11590,956852,136,2020-06-03 00:00:00.000,2021-10-07 10:30:51.51
576,272,2020-06-02,00:00,11541,939851,135,2020-06-02 00:00:00.000,2021-10-07 10:30:51.51
577,271,2020-06-01,00:00,11503,921391,134,2020-06-01 00:00:00.000,2021-10-07 10:30:51.51
578,270,2020-05-31,00:00,11468,910822,133,2020-05-31 00:00:00.000,2021-10-07 10:30:51.51
579,269,2020-05-30,00:00,11441,902901,132,2020-05-30 00:00:00.000,2021-10-07 10:30:51.51
580,269,2020-05-29,00:00,11402,885120,131,2020-05-29 00:00:00.000,2021-10-07 10:30:51.51
581,269,2020-05-28,00:00,11344,868666,130,2020-05-28 00:00:00.000,2021-10-07 10:30:51.51
582,269,2020-05-27,00:00,11265,852876,129,2020-05-27 00:00:00.000,2021-10-07 10:30:51.51
583,269,2020-05-26,00:00,11225,839475,128,2020-05-26 00:00:00.000,2021-10-07 10:30:51.51
584,267,2020-05-25,00:00,11206,826437,127,2020-05-25 00:00:00.000,2021-10-07 10:30:51.51
585,266,2020-05-24,00:00,11190,820289,126,2020-05-24 00:00:00.000,2021-10-07 10:30:51.51
586,266,2020-05-23,00:00,11165,814420,125,2020-05-23 00:00:00.000,2021-10-07 10:30:51.51
587,264,2020-05-22,00:00,11142,802418,124,2020-05-22 00:00:00.000,2021-10-07 10:30:51.51
588,264,2020-05-21,00:00,11122,788684,123,2020-05-21 00:00:00.000,2021-10-07 10:30:51.51
589,263,2020-05-20,00:00,11110,776433,122,2020-05-20 00:00:00.000,2021-10-07 10:30:51.51
590,263,2020-05-19,00:00,11078,765574,121,2020-05-19 00:00:00.000,2021-10-07 10:30:51.51
591,263,2020-05-18,00:00,11065,753211,120,2020-05-18 00:00:00.000,2021-10-07 10:30:51.51
592,262,2020-05-17,00:00,11050,747653,119,2020-05-17 00:00:00.000,2021-10-07 10:30:51.51
593,262,2020-05-16,00:00,11037,740645,118,2020-05-16 00:00:00.000,2021-10-07 10:30:51.51
594,260,2020-05-15,00:00,11018,726747,117,2020-05-15 00:00:00.000,2021-10-07 10:30:51.51
595,259,2020-05-13,00:00,10962,695920,115,2020-05-13 00:00:00.000,2021-10-07 10:30:51.51
596,258,2020-05-12,00:00,10936,680890,114,2020-05-12 00:00:00.000,2021-10-07 10:30:51.51
597,256,2020-05-11,00:00,10909,668492,113,2020-05-11 00:00:00.000,2021-10-07 10:30:51.51
598,256,2020-05-10,00:00,10874,663886,112,2020-05-10 00:00:00.000,2021-10-07 10:30:51.51
599,256,2020-05-09,00:00,10840,660030,111,2020-05-09 00:00:00.000,2021-10-07 10:30:51.51
600,256,2020-05-08,00:00,10822,654863,110,2020-05-08 00:00:00.000,2021-10-07 10:30:51.51
601,256,2020-05-07,00:00,10810,649388,109,2020-05-07 00:00:00.000,2021-10-07 10:30:51.51
602,255,2020-05-06,00:00,10806,643095,108,2020-05-06 00:00:00.000,2021-10-07 10:30:51.51
603,254,2020-05-05,00:00,10804,640237,107,2020-05-05 00:00:00.000,2021-10-07 10:30:51.51
604,252,2020-05-04,00:00,10801,633921,106,2020-05-04 00:00:00.000,2021-10-07 10:30:51.51
605,250,2020-05-03,00:00,10793,630973,105,2020-05-03 00:00:00.000,2021-10-07 10:30:51.51
606,250,2020-05-02,00:00,10780,627562,104,2020-05-02 00:00:00.000,2021-10-07 10:30:51.51
607,248,2020-05-01,00:00,10774,623069,103,2020-05-01 00:00:00.000,2021-10-07 10:30:51.51
608,247,2020-04-30,00:00,10765,619881,102,2020-04-30 00:00:00.000,2021-10-07 10:30:51.51
609,246,2020-04-29,00:00,10761,614197,101,2020-04-29 00:00:00.000,2021-10-07 10:30:51.51
610,244,2020-04-28,00:00,10752,608514,100,2020-04-28 00:00:00.000,2021-10-07 10:30:51.51
611,243,2020-04-27,00:00,10738,601660,99,2020-04-27 00:00:00.000,2021-10-07 10:30:51.51
612,242,2020-04-26,00:00,10728,598285,98,2020-04-26 00:00:00.000,2021-10-07 10:30:51.51
613,240,2020-04-25,00:00,10718,595161,97,2020-04-25 00:00:00.000,2021-10-07 10:30:51.51
614,240,2020-04-24,00:00,10708,589520,96,2020-04-24 00:00:00.000,2021-10-07 10:30:51.51
615,240,2020-04-23,00:00,10702,583971,95,2020-04-23 00:00:00.000,2021-10-07 10:30:51.51
616,238,2020-04-22,00:00,10694,577959,94,2020-04-22 00:00:00.000,2021-10-07 10:30:51.51
617,237,2020-04-21,00:00,10683,571014,93,2020-04-21 00:00:00.000,2021-10-07 10:30:51.51
618,236,2020-04-20,00:00,10674,563035,92,2020-04-20 00:00:00.000,2021-10-07 10:30:51.51
619,234,2020-04-19,00:00,10661,559109,91,2020-04-19 00:00:00.000,2021-10-07 10:30:51.51
620,232,2020-04-18,00:00,10653,554834,90,2020-04-18 00:00:00.000,2021-10-07 10:30:51.51
621,230,2020-04-17,00:00,10635,546463,89,2020-04-17 00:00:00.000,2021-10-07 10:30:51.51
622,229,2020-04-16,00:00,10613,538775,88,2020-04-16 00:00:00.000,2021-10-07 10:30:51.51
623,225,2020-04-15,00:00,10591,534552,87,2020-04-15 00:00:00.000,2021-10-07 10:30:51.51
624,222,2020-04-14,00:00,10564,527438,86,2020-04-14 00:00:00.000,2021-10-07 10:30:51.51
625,217,2020-04-13,00:00,10537,518743,85,2020-04-13 00:00:00.000,2021-10-07 10:30:51.51
626,214,2020-04-12,00:00,10512,514621,84,2020-04-12 00:00:00.000,2021-10-07 10:30:51.51
627,211,2020-04-11,00:00,10480,510479,83,2020-04-11 00:00:00.000,2021-10-07 10:30:51.51
628,208,2020-04-10,00:00,10450,503051,82,2020-04-10 00:00:00.000,2021-10-07 10:30:51.51
629,204,2020-04-09,00:00,10423,494711,81,2020-04-09 00:00:00.000,2021-10-07 10:30:51.51
630,200,2020-04-08,00:00,10384,486003,80,2020-04-08 00:00:00.000,2021-10-07 10:30:51.51
631,192,2020-04-07,00:00,10331,477304,79,2020-04-07 00:00:00.000,2021-10-07 10:30:51.51
632,186,2020-04-06,00:00,10284,466804,78,2020-04-06 00:00:00.000,2021-10-07 10:30:51.51
633,183,2020-04-05,00:00,10237,461233,77,2020-04-05 00:00:00.000,2021-10-07 10:30:51.51
634,177,2020-04-04,00:00,10156,455032,76,2020-04-04 00:00:00.000,2021-10-07 10:30:51.51
635,174,2020-04-03,00:00,10062,443273,75,2020-04-03 00:00:00.000,2021-10-07 10:30:51.51
636,169,2020-04-02,00:00,9976,431743,74,2020-04-02 00:00:00.000,2021-10-07 10:30:51.51
637,165,2020-04-01,00:00,9887,421547,73,2020-04-01 00:00:00.000,2021-10-07 10:30:51.51
638,162,2020-03-31,00:00,9786,410564,72,2020-03-31 00:00:00.000,2021-10-07 10:30:51.51
639,158,2020-03-30,00:00,9661,398902,71,2020-03-30 00:00:00.000,2021-10-07 10:30:51.51
640,152,2020-03-29,00:00,9583,394141,70,2020-03-29 00:00:00.000,2021-10-07 10:30:51.51
641,144,2020-03-28,00:00,9478,387925,69,2020-03-28 00:00:00.000,2021-10-07 10:30:51.51
642,139,2020-03-27,00:00,9332,376961,68,2020-03-27 00:00:00.000,2021-10-07 10:30:51.51
643,131,2020-03-26,00:00,9241,364942,67,2020-03-26 00:00:00.000,2021-10-07 10:30:51.51
644,126,2020-03-25,00:00,9137,357896,66,2020-03-25 00:00:00.000,2021-10-07 10:30:51.51
645,120,2020-03-24,00:00,9037,348582,65,2020-03-24 00:00:00.000,2021-10-07 10:30:51.51
646,111,2020-03-23,00:00,8961,338036,64,2020-03-23 00:00:00.000,2021-10-07 10:30:51.51
647,104,2020-03-22,00:00,8897,331780,63,2020-03-22 00:00:00.000,2021-10-07 10:30:51.51
648,102,2020-03-21,00:00,8799,327509,62,2020-03-21 00:00:00.000,2021-10-07 10:30:51.51
649,94,2020-03-20,00:00,8652,316664,61,2020-03-20 00:00:00.000,2021-10-07 10:30:51.51
650,91,2020-03-19,00:00,8565,307024,60,2020-03-19 00:00:00.000,2021-10-07 10:30:51.51
651,84,2020-03-18,00:00,8413,295647,59,2020-03-18 00:00:00.000,2021-10-07 10:30:51.51
652,81,2020-03-17,00:00,8320,286716,58,2020-03-17 00:00:00.000,2021-10-07 10:30:51.51
653,75,2020-03-16,00:00,8236,274504,57,2020-03-16 00:00:00.000,2021-10-07 10:30:51.51
654,75,2020-03-15,00:00,8162,268212,56,2020-03-15 00:00:00.000,2021-10-07 10:30:51.51
655,72,2020-03-14,00:00,8086,261335,55,2020-03-14 00:00:00.000,2021-10-07 10:30:51.51
656,67,2020-03-13,00:00,7979,248647,54,2020-03-13 00:00:00.000,2021-10-07 10:30:51.51
657,66,2020-03-12,00:00,7869,234998,53,2020-03-12 00:00:00.000,2021-10-07 10:30:51.51
658,60,2020-03-11,00:00,7755,222395,52,2020-03-11 00:00:00.000,2021-10-07 10:30:51.51
659,54,2020-03-10,00:00,7513,210144,51,2020-03-10 00:00:00.000,2021-10-07 10:30:51.51
660,51,2020-03-09,00:00,7382,196618,50,2020-03-09 00:00:00.000,2021-10-07 10:30:51.51
661,50,2020-03-08,00:00,7134,188518,49,2020-03-08 00:00:00.000,2021-10-07 10:30:51.51
662,44,2020-03-07,00:00,6767,178189,48,2020-03-07 00:00:00.000,2021-10-07 10:30:51.51
663,42,2020-03-06,00:00,6284,164740,47,2020-03-06 00:00:00.000,2021-10-07 10:30:51.51
664,35,2020-03-05,00:00,5766,146541,46,2020-03-05 00:00:00.000,2021-10-07 10:30:51.51
665,32,2020-03-04,00:00,5328,136707,45,2020-03-04 00:00:00.000,2021-10-07 10:30:51.51
666,28,2020-03-03,00:00,4812,125851,44,2020-03-03 00:00:00.000,2021-10-07 10:30:51.51
