일자,현재지수,대비,등락률(%),배당수익률(%),주가이익비율,주가자산비율,시가지수,고가지수,저가지수,거래량(천주),거래대금(백만원),상장시가총액(백만원)
2020/01/02,"2,175.17",-22.50,-1.02,2.04,18.01,0.88,"2,201.21","2,202.32","2,171.84","494,678","4,638,167","1,461,424,794"
2020/01/03,"2,176.46",1.29,0.06,2.04,18.02,0.88,"2,192.58","2,203.38","2,165.39","631,563","5,763,663","1,462,298,972"
2020/01/06,"2,155.07",-21.39,-0.98,2.06,17.84,0.87,"2,154.97","2,164.42","2,149.95","592,671","5,156,541","1,448,385,085"
2020/01/07,"2,175.54",20.47,0.95,2.04,18.01,0.88,"2,166.60","2,181.62","2,164.27","568,236","5,143,512","1,462,298,814"
2020/01/08,"2,151.31",-24.23,-1.11,2.06,17.81,0.87,"2,156.27","2,162.32","2,137.72","913,831","8,750,722","1,446,631,314"
2020/01/09,"2,186.45",35.14,1.63,2.03,18.11,0.89,"2,182.20","2,186.45","2,172.16","592,604","7,261,591","1,470,805,019"
2020/01/10,"2,206.39",19.94,0.91,2.01,18.27,0.89,"2,189.48","2,206.92","2,188.10","594,537","6,459,300","1,484,063,381"
2020/01/13,"2,229.26",22.87,1.04,1.99,18.46,0.90,"2,204.49","2,230.43","2,204.49","488,289","6,214,780","1,499,967,181"
2020/01/14,"2,238.88",9.62,0.43,1.98,18.54,0.91,"2,243.06","2,250.79","2,232.94","835,899","7,294,228","1,506,534,496"
2020/01/15,"2,230.98",-7.90,-0.35,1.99,18.48,0.91,"2,229.80","2,238.21","2,223.39","746,156","5,946,351","1,501,047,629"
2020/01/16,"2,248.05",17.07,0.77,1.97,18.62,0.91,"2,231.93","2,249.09","2,225.41","808,332","6,204,474","1,513,149,909"
2020/01/17,"2,250.57",2.52,0.11,1.97,18.64,0.91,"2,261.57","2,268.71","2,245.58","580,816","5,444,384","1,515,299,754"
2020/01/20,"2,262.64",12.07,0.54,1.96,18.75,0.92,"2,261.40","2,277.23","2,258.09","545,491","5,950,403","1,524,384,084"
2020/01/21,"2,239.69",-22.95,-1.01,1.98,18.55,0.91,"2,259.81","2,266.31","2,238.25","770,320","5,569,551","1,508,408,628"
2020/01/22,"2,267.25",27.56,1.23,1.96,18.78,0.92,"2,238.53","2,269.27","2,235.13","608,510","6,365,617","1,526,798,959"
2020/01/23,"2,246.13",-21.12,-0.93,1.98,18.61,0.91,"2,254.54","2,260.63","2,241.94","509,609","6,790,104","1,512,629,062"
2020/01/28,"2,176.72",-69.41,-3.09,2.04,18.03,0.88,"2,192.22","2,199.93","2,166.23","808,879","8,818,232","1,466,083,103"
2020/01/29,"2,185.28",8.56,0.39,2.03,18.10,0.89,"2,188.18","2,195.45","2,172.33","692,301","6,589,950","1,472,171,522"
2020/01/30,"2,148.00",-37.28,-1.71,2.07,17.79,0.87,"2,181.54","2,187.45","2,139.72","602,838","7,105,203","1,446,505,817"
2020/01/31,"2,119.01",-28.99,-1.35,2.09,17.56,0.86,"2,160.60","2,167.23","2,119.01","710,508","7,226,687","1,427,047,755"
2020/02/03,"2,118.88",-0.13,-0.01,2.09,17.56,0.86,"2,086.61","2,126.73","2,082.74","836,700","8,068,704","1,427,133,302"
2020/02/04,"2,157.90",39.02,1.84,2.06,17.88,0.88,"2,121.22","2,162.32","2,120.53","624,642","7,791,178","1,454,235,584"
2020/02/05,"2,165.63",7.73,0.36,2.05,17.94,0.88,"2,177.26","2,181.52","2,154.88","574,396","7,736,275","1,460,243,895"
2020/02/06,"2,227.94",62.31,2.88,1.99,18.46,0.90,"2,184.77","2,229.99","2,182.25","695,216","8,334,738","1,501,460,506"
2020/02/07,"2,211.95",-15.99,-0.72,2.01,18.33,0.90,"2,221.49","2,223.92","2,198.14","800,342","8,813,174","1,491,013,321"
2020/02/10,"2,201.07",-10.88,-0.49,2.02,18.24,0.89,"2,185.63","2,203.39","2,180.51","609,566","5,471,061","1,483,846,707"
2020/02/11,"2,223.12",22.05,1.00,2.00,18.42,0.90,"2,213.50","2,233.32","2,211.25","526,211","6,611,195","1,498,338,522"
2020/02/12,"2,238.38",15.26,0.69,1.98,18.55,0.91,"2,225.95","2,242.24","2,214.77","632,463","6,892,198","1,508,346,242"
2020/02/13,"2,232.96",-5.42,-0.24,1.99,18.51,0.91,"2,245.72","2,255.49","2,230.30","638,666","8,121,197","1,505,295,817"
2020/02/14,"2,243.59",10.63,0.48,1.97,18.63,0.91,"2,232.71","2,251.50","2,221.90","597,224","6,379,565","1,511,254,623"
2020/02/17,"2,242.17",-1.42,-0.06,1.97,18.62,0.91,"2,243.07","2,250.05","2,230.26","458,248","5,639,201","1,510,109,679"
2020/02/18,"2,208.88",-33.29,-1.48,2.00,18.34,0.90,"2,225.98","2,232.93","2,205.21","470,425","6,411,451","1,487,436,221"
2020/02/19,"2,210.34",1.46,0.07,2.00,18.35,0.90,"2,222.51","2,226.00","2,191.20","591,155","7,107,034","1,488,454,959"
2020/02/20,"2,195.50",-14.84,-0.67,2.01,18.23,0.89,"2,223.55","2,228.18","2,186.72","709,564","7,677,672","1,478,574,048"
2020/02/21,"2,162.84",-32.66,-1.49,2.04,17.96,0.88,"2,165.65","2,184.43","2,160.28","635,474","7,105,856","1,456,692,607"
2020/02/24,"2,079.04",-83.80,-3.87,2.12,17.26,0.84,"2,114.04","2,120.06","2,079.03","948,621","9,315,475","1,400,516,368"
2020/02/25,"2,103.61",24.57,1.18,2.10,17.46,0.85,"2,075.55","2,105.49","2,071.50","1,565,588","8,952,278","1,417,275,415"
2020/02/26,"2,076.77",-26.84,-1.28,2.12,17.24,0.84,"2,064.07","2,089.64","2,059.13","810,938","8,060,327","1,398,569,206"
2020/02/27,"2,054.89",-21.88,-1.05,2.15,17.06,0.83,"2,073.87","2,085.40","2,049.15","562,775","7,241,174","1,383,776,361"
2020/02/28,"1,987.01",-67.88,-3.30,2.22,16.50,0.81,"2,020.17","2,031.01","1,980.82","671,552","9,927,960","1,337,716,963"
2020/03/02,"2,002.51",15.50,0.78,2.20,16.62,0.81,"1,997.03","2,017.07","1,969.34","528,103","7,811,003","1,348,109,552"
2020/03/03,"2,014.15",11.64,0.58,2.19,16.72,0.82,"2,051.85","2,051.85","2,009.39","615,693","8,687,847","1,356,176,460"
2020/03/04,"2,059.33",45.18,2.24,2.14,17.09,0.84,"2,005.81","2,063.59","2,005.81","606,287","7,829,193","1,386,938,608"
2020/03/05,"2,085.26",25.93,1.26,2.12,17.31,0.85,"2,078.11","2,089.08","2,059.99","675,205","7,954,349","1,404,684,362"
2020/03/06,"2,040.22",-45.04,-2.16,2.16,16.93,0.83,"2,053.09","2,062.57","2,032.13","865,588","7,233,538","1,373,917,955"
2020/03/09,"1,954.77",-85.45,-4.19,2.26,16.22,0.79,"1,981.02","1,989.50","1,946.90","666,868","8,796,944","1,316,427,699"
2020/03/10,"1,962.93",8.16,0.42,2.25,16.29,0.80,"1,942.85","1,968.17","1,934.72","638,564","9,133,693","1,321,480,461"
2020/03/11,"1,908.27",-54.66,-2.78,2.31,15.84,0.77,"1,965.67","1,967.70","1,898.27","679,716","8,598,097","1,284,895,601"
2020/03/12,"1,834.33",-73.94,-3.87,2.41,15.22,0.74,"1,887.97","1,897.23","1,808.56","850,345","11,309,953","1,235,351,152"
2020/03/13,"1,771.44",-62.89,-3.43,2.49,14.70,0.72,"1,722.68","1,809.31","1,680.60","1,035,278","13,376,938","1,193,686,837"
2020/03/16,"1,714.86",-56.58,-3.19,2.57,14.23,0.70,"1,805.43","1,805.43","1,714.38","682,004","8,593,833","1,155,216,111"
2020/03/17,"1,672.44",-42.42,-2.47,2.64,13.88,0.68,"1,640.84","1,722.97","1,637.88","649,779","9,709,077","1,126,202,984"
2020/03/18,"1,591.20",-81.24,-4.86,2.77,13.20,0.65,"1,686.12","1,693.95","1,591.12","728,008","9,576,387","1,071,788,837"
2020/03/19,"1,457.64",-133.56,-8.39,3.03,12.09,0.59,"1,626.09","1,626.09","1,439.43","977,675","11,932,492","982,169,749"
2020/03/20,"1,566.15",108.51,7.44,2.82,13.19,0.64,"1,498.49","1,566.82","1,466.48","817,021","10,632,970","1,054,892,888"
2020/03/23,"1,482.46",-83.69,-5.34,2.97,12.48,0.60,"1,474.45","1,516.75","1,458.41","647,528","9,645,272","998,450,498"
2020/03/24,"1,609.97",127.51,8.60,2.74,13.47,0.65,"1,523.69","1,609.97","1,508.68","679,288","10,481,448","1,083,695,461"
2020/03/25,"1,704.76",94.79,5.89,2.59,14.26,0.69,"1,668.19","1,707.64","1,645.28","872,809","12,612,288","1,147,712,135"
2020/03/26,"1,686.24",-18.52,-1.09,2.62,14.10,0.68,"1,699.11","1,735.75","1,679.23","992,474","12,374,198","1,135,741,554"
2020/03/27,"1,717.73",31.49,1.87,2.57,14.37,0.70,"1,756.07","1,759.05","1,668.21","1,077,527","12,851,933","1,156,581,472"
2020/03/30,"1,717.12",-0.61,-0.04,2.57,14.36,0.70,"1,670.34","1,729.63","1,659.95","767,777","9,081,050","1,155,630,477"
2020/03/31,"1,754.64",37.52,2.19,2.51,14.66,0.71,"1,739.29","1,757.81","1,722.62","1,037,488","13,905,369","1,179,728,723"
2020/04/01,"1,685.46",-69.18,-3.94,2.62,14.08,0.68,"1,737.28","1,762.44","1,685.37","1,243,591","12,110,507","1,133,944,054"
2020/04/02,"1,724.86",39.40,2.34,2.56,14.41,0.70,"1,693.53","1,726.76","1,664.13","766,313","10,152,245","1,159,987,256"
2020/04/03,"1,725.44",0.58,0.03,2.56,14.41,0.70,"1,731.17","1,743.91","1,706.68","1,000,087","10,153,714","1,160,743,273"
2020/04/06,"1,791.88",66.44,3.85,2.46,14.97,0.73,"1,745.25","1,794.19","1,742.67","1,219,389","10,957,483","1,205,000,552"
2020/04/07,"1,823.60",31.72,1.77,2.42,15.23,0.74,"1,826.72","1,838.97","1,791.92","951,739","11,628,936","1,226,518,732"
2020/04/08,"1,807.14",-16.46,-0.90,2.44,15.09,0.73,"1,815.75","1,842.16","1,801.80","907,494","11,126,542","1,215,858,624"
2020/04/09,"1,836.21",29.07,1.61,2.40,15.33,0.75,"1,838.09","1,839.33","1,818.30","920,571","10,517,359","1,235,327,684"
2020/04/10,"1,860.70",24.49,1.33,2.37,15.54,0.76,"1,835.76","1,861.10","1,824.43","992,548","12,009,989","1,251,445,975"
2020/04/13,"1,825.76",-34.94,-1.88,2.42,15.25,0.74,"1,853.30","1,853.30","1,825.76","1,017,752","9,516,704","1,228,226,158"
2020/04/14,"1,857.08",31.32,1.72,2.38,15.51,0.75,"1,846.41","1,864.46","1,837.17","886,766","9,995,854","1,248,940,314"
2020/04/16,"1,857.07",-0.01,-0.00,2.38,15.50,0.75,"1,839.51","1,862.23","1,828.13","878,338","10,710,793","1,248,881,506"
2020/04/17,"1,914.53",57.46,3.09,2.30,15.98,0.78,"1,893.31","1,926.02","1,893.19","1,667,460","14,127,722","1,287,911,931"
2020/04/20,"1,898.36",-16.17,-0.84,2.32,15.85,0.77,"1,908.34","1,925.25","1,893.17","1,087,463","11,915,932","1,276,932,686"
2020/04/21,"1,879.38",-18.98,-1.00,2.35,15.69,0.76,"1,886.78","1,898.32","1,841.66","1,174,294","13,863,164","1,263,694,526"
2020/04/22,"1,896.15",16.77,0.89,2.33,15.83,0.77,"1,855.51","1,897.90","1,844.85","820,360","9,428,673","1,274,786,181"
2020/04/23,"1,914.73",18.58,0.98,2.30,15.98,0.78,"1,907.45","1,923.53","1,895.98","683,720","9,124,272","1,287,024,851"
2020/04/24,"1,889.01",-25.72,-1.34,2.34,15.77,0.77,"1,906.07","1,908.29","1,880.71","933,917","9,647,344","1,271,159,367"
2020/04/27,"1,922.77",33.76,1.79,2.29,16.05,0.78,"1,897.06","1,929.82","1,894.62","735,663","8,171,669","1,293,318,257"
2020/04/28,"1,934.09",11.32,0.59,2.28,16.15,0.79,"1,931.25","1,941.79","1,911.63","1,173,476","10,375,078","1,300,504,429"
2020/04/29,"1,947.56",13.47,0.70,2.27,16.26,0.79,"1,936.89","1,957.51","1,934.31","1,984,182","10,525,129","1,309,179,248"
2020/05/04,"1,895.37",-52.19,-2.68,2.30,18.30,0.78,"1,906.42","1,918.66","1,894.29","1,146,855","10,261,902","1,274,213,042"
2020/05/06,"1,928.76",33.39,1.76,2.26,18.62,0.79,"1,919.45","1,928.76","1,902.55","1,082,527","8,550,701","1,296,556,106"
2020/05/07,"1,928.61",-0.15,-0.01,2.26,18.62,0.79,"1,922.00","1,938.50","1,918.57","775,658","7,383,335","1,296,095,633"
2020/05/08,"1,945.82",17.21,0.89,2.24,18.79,0.80,"1,944.94","1,956.89","1,942.54","784,773","7,941,568","1,307,404,236"
2020/05/11,"1,935.40",-10.42,-0.54,2.25,18.69,0.79,"1,953.51","1,960.46","1,932.87","591,283","7,752,761","1,300,769,234"
2020/05/12,"1,922.17",-13.23,-0.68,2.27,18.56,0.79,"1,938.62","1,938.62","1,905.17","799,930","9,681,897","1,291,568,130"
2020/05/13,"1,940.42",18.25,0.95,2.25,18.73,0.79,"1,897.50","1,940.42","1,897.24","618,784","9,012,308","1,303,464,008"
2020/05/14,"1,924.96",-15.46,-0.80,2.26,18.58,0.79,"1,922.44","1,931.43","1,913.49","760,646","9,469,021","1,292,884,145"
2020/05/15,"1,927.28",2.32,0.12,2.26,18.61,0.79,"1,937.63","1,938.59","1,913.21","866,357","9,723,313","1,294,619,578"
2020/05/18,"1,937.11",9.83,0.51,2.25,18.72,0.79,"1,934.51","1,943.07","1,921.14","761,696","9,394,307","1,301,926,005"
2020/05/19,"1,980.61",43.50,2.25,2.20,19.14,0.81,"1,977.47","1,983.77","1,968.59","773,415","11,918,300","1,331,835,812"
2020/05/20,"1,989.64",9.03,0.46,2.19,19.23,0.81,"1,972.12","1,992.20","1,972.12","699,447","8,248,632","1,337,699,454"
2020/05/21,"1,998.31",8.67,0.44,2.18,19.32,0.82,"2,003.20","2,004.95","1,993.00","601,199","8,636,998","1,343,561,078"
2020/05/22,"1,970.13",-28.18,-1.41,2.21,19.04,0.81,"2,001.60","2,002.65","1,961.40","847,467","9,509,772","1,324,302,793"
2020/05/25,"1,994.60",24.47,1.24,2.19,19.27,0.82,"1,980.51","1,994.90","1,967.84","641,459","7,960,325","1,340,826,177"
2020/05/26,"2,029.78",35.18,1.76,2.15,19.62,0.83,"2,001.00","2,029.89","1,997.94","1,017,804","12,545,314","1,363,735,034"
2020/05/27,"2,031.20",1.42,0.07,2.15,19.63,0.83,"2,027.90","2,043.44","2,019.82","1,178,848","12,635,098","1,364,678,863"
2020/05/28,"2,028.54",-2.66,-0.13,2.15,19.61,0.83,"2,047.08","2,054.52","2,003.75","1,172,134","14,479,213","1,363,293,486"
2020/05/29,"2,029.60",1.06,0.05,2.15,19.62,0.83,"2,018.37","2,038.89","2,006.62","1,086,215","14,084,590","1,363,450,451"
2020/06/01,"2,065.08",35.48,1.75,2.11,19.97,0.85,"2,037.04","2,065.38","2,035.63","997,348","9,839,657","1,387,477,879"
2020/06/02,"2,087.19",22.11,1.07,2.09,20.18,0.85,"2,061.45","2,089.43","2,059.14","1,000,332","10,232,917","1,402,057,228"
2020/06/03,"2,147.00",59.81,2.87,2.03,24.57,0.88,"2,108.55","2,156.55","2,107.69","1,152,001","16,998,832","1,442,871,666"
2020/06/04,"2,151.18",4.18,0.19,2.02,24.62,0.88,"2,181.64","2,191.00","2,139.68","1,393,308","16,034,002","1,446,260,120"
2020/06/05,"2,181.87",30.69,1.43,1.99,25.00,0.90,"2,151.17","2,187.25","2,138.18","854,591","12,778,906","1,466,769,477"
2020/06/08,"2,184.29",2.42,0.11,1.99,25.02,0.90,"2,215.60","2,217.21","2,174.96","854,035","13,145,519","1,468,714,984"
2020/06/09,"2,188.92",4.63,0.21,1.99,25.08,0.90,"2,206.23","2,212.17","2,166.01","817,085","14,689,861","1,472,051,666"
2020/06/10,"2,195.69",6.77,0.31,1.98,25.16,0.90,"2,187.91","2,200.68","2,178.12","706,294","12,888,183","1,476,712,868"
2020/06/11,"2,176.78",-18.91,-0.86,2.00,24.94,0.90,"2,184.36","2,200.72","2,148.51","827,381","16,987,058","1,464,392,590"
2020/06/12,"2,132.30",-44.48,-2.04,2.04,24.43,0.88,"2,088.24","2,137.12","2,084.63","689,897","14,960,781","1,434,087,758"
2020/06/15,"2,030.82",-101.48,-4.76,2.14,23.26,0.83,"2,114.41","2,129.67","2,030.82","1,072,278","18,242,465","1,366,175,254"
2020/06/16,"2,138.05",107.23,5.28,2.03,24.50,0.88,"2,091.09","2,138.08","2,079.02","973,639","13,837,057","1,437,701,364"
2020/06/17,"2,141.05",3.00,0.14,2.03,24.54,0.88,"2,133.18","2,154.37","2,105.26","927,516","15,458,440","1,440,025,502"
2020/06/18,"2,133.48",-7.57,-0.35,2.04,24.45,0.88,"2,134.35","2,145.13","2,120.29","767,184","11,089,871","1,435,518,023"
2020/06/19,"2,141.32",7.84,0.37,2.03,24.54,0.88,"2,153.09","2,153.57","2,108.91","1,079,453","12,300,498","1,441,080,603"
2020/06/22,"2,126.73",-14.59,-0.68,2.05,24.37,0.87,"2,126.38","2,142.88","2,122.10","789,372","10,098,315","1,430,718,937"
2020/06/23,"2,131.24",4.51,0.21,2.04,24.43,0.88,"2,149.13","2,158.15","2,110.51","917,567","13,496,081","1,433,435,233"
2020/06/24,"2,161.51",30.27,1.42,2.01,24.78,0.89,"2,145.93","2,171.86","2,143.91","913,896","13,324,798","1,453,951,201"
2020/06/25,"2,112.37",-49.14,-2.27,2.06,24.22,0.87,"2,130.45","2,143.33","2,112.37","1,017,721","10,692,627","1,420,866,478"
2020/06/26,"2,134.65",22.28,1.05,2.04,24.48,0.88,"2,137.47","2,142.04","2,115.25","761,044","9,821,160","1,436,168,481"
2020/06/29,"2,093.48",-41.17,-1.93,2.08,24.00,0.86,"2,105.54","2,120.50","2,087.84","643,156","9,025,868","1,408,463,552"
2020/06/30,"2,108.33",14.85,0.71,2.06,24.18,0.87,"2,124.38","2,134.38","2,108.26","708,605","11,699,083","1,418,860,741"
2020/07/01,"2,106.70",-1.63,-0.08,2.06,24.16,0.87,"2,128.81","2,133.55","2,101.33","1,116,221","10,232,632","1,417,280,238"
2020/07/02,"2,135.37",28.67,1.36,2.04,24.49,0.88,"2,116.72","2,135.37","2,113.98","1,091,965","10,745,168","1,445,664,482"
2020/07/03,"2,152.41",17.04,0.80,2.01,24.89,0.89,"2,147.89","2,153.54","2,135.30","770,055","8,649,544","1,456,812,255"
2020/07/06,"2,187.93",35.52,1.65,1.97,25.31,0.91,"2,158.95","2,191.28","2,157.71","666,902","11,656,295","1,480,948,171"
2020/07/07,"2,164.17",-23.76,-1.09,1.99,25.03,0.90,"2,202.04","2,206.79","2,164.03","847,434","14,858,393","1,465,179,698"
2020/07/08,"2,158.88",-5.29,-0.24,2.00,24.97,0.89,"2,166.76","2,173.83","2,150.89","677,810","11,567,569","1,460,994,855"
2020/07/09,"2,167.90",9.02,0.42,1.99,25.07,0.90,"2,171.15","2,181.48","2,166.74","619,368","12,029,950","1,467,208,749"
2020/07/10,"2,150.25",-17.65,-0.81,2.01,24.87,0.89,"2,171.44","2,171.52","2,140.29","886,987","12,048,058","1,455,781,561"
2020/07/13,"2,186.06",35.81,1.67,1.97,25.28,0.91,"2,170.51","2,188.80","2,163.07","650,231","10,462,266","1,479,593,286"
2020/07/14,"2,183.61",-2.45,-0.11,1.98,25.25,0.91,"2,176.43","2,183.61","2,165.60","810,952","11,633,360","1,477,856,002"
2020/07/15,"2,201.88",18.27,0.84,1.96,25.46,0.91,"2,208.73","2,216.97","2,190.66","830,266","13,641,396","1,490,240,355"
2020/07/16,"2,183.76",-18.12,-0.82,1.98,25.25,0.91,"2,203.30","2,207.34","2,177.82","784,637","11,304,254","1,478,307,593"
2020/07/17,"2,201.19",17.43,0.80,1.96,25.45,0.91,"2,187.85","2,204.20","2,187.85","569,297","10,191,103","1,490,180,654"
2020/07/20,"2,198.20",-2.99,-0.14,1.96,25.42,0.91,"2,209.59","2,209.59","2,183.83","686,819","12,025,004","1,488,358,384"
2020/07/21,"2,228.83",30.63,1.39,1.94,25.80,0.92,"2,219.19","2,234.86","2,214.28","918,483","15,759,333","1,509,515,194"
2020/07/22,"2,228.66",-0.17,-0.01,1.94,25.80,0.92,"2,228.20","2,238.86","2,221.62","856,218","15,651,893","1,509,717,833"
2020/07/23,"2,216.19",-12.47,-0.56,1.95,25.65,0.92,"2,227.24","2,227.24","2,202.99","934,542","16,328,983","1,501,425,782"
2020/07/24,"2,200.44",-15.75,-0.71,1.96,25.47,0.91,"2,196.73","2,219.57","2,195.49","1,001,025","17,156,947","1,490,986,232"
2020/07/27,"2,217.86",17.42,0.79,1.95,25.67,0.92,"2,203.48","2,231.25","2,203.48","928,625","14,256,877","1,502,710,706"
2020/07/28,"2,256.99",39.13,1.76,1.91,26.13,0.94,"2,238.19","2,266.00","2,237.21","866,726","17,516,982","1,530,086,534"
2020/07/29,"2,263.16",6.17,0.27,1.91,26.20,0.94,"2,258.35","2,276.79","2,252.24","899,494","15,500,572","1,536,196,696"
2020/07/30,"2,267.01",3.85,0.17,1.90,26.24,0.94,"2,275.33","2,281.33","2,263.81","713,039","13,550,209","1,539,287,193"
2020/07/31,"2,249.37",-17.64,-0.78,1.92,26.04,0.93,"2,278.53","2,281.41","2,248.49","739,689","13,002,293","1,526,798,728"
2020/08/03,"2,251.04",1.67,0.07,1.92,26.06,0.93,"2,251.65","2,254.38","2,237.04","648,462","13,612,906","1,528,025,691"
2020/08/04,"2,279.97",28.93,1.29,1.89,26.39,0.95,"2,272.33","2,284.66","2,269.69","722,906","15,287,235","1,548,269,502"
2020/08/05,"2,311.86",31.89,1.40,1.87,26.77,0.96,"2,289.23","2,312.14","2,283.95","841,299","17,883,091","1,569,777,969"
2020/08/06,"2,342.61",30.75,1.33,1.84,27.12,0.97,"2,322.64","2,352.48","2,322.64","797,147","17,831,686","1,590,672,221"
2020/08/07,"2,351.67",9.06,0.39,1.83,27.23,0.98,"2,349.25","2,362.24","2,333.62","812,595","17,585,764","1,598,022,872"
2020/08/10,"2,386.38",34.71,1.48,1.81,27.63,0.99,"2,353.92","2,390.51","2,349.33","784,617","19,511,322","1,621,675,151"
2020/08/11,"2,418.67",32.29,1.35,1.78,28.01,1.00,"2,396.11","2,429.36","2,396.11","843,438","19,680,402","1,643,244,636"
2020/08/12,"2,432.35",13.68,0.57,1.77,28.16,1.01,"2,414.78","2,432.35","2,393.27","763,735","16,680,056","1,652,303,925"
2020/08/13,"2,437.53",5.18,0.21,1.77,28.23,1.01,"2,455.28","2,458.17","2,412.49","907,219","18,250,023","1,656,293,275"
2020/08/14,"2,407.49",-30.04,-1.23,1.79,27.89,1.00,"2,427.85","2,435.00","2,383.69","968,125","16,595,686","1,636,857,790"
2020/08/18,"2,348.24",-59.25,-2.46,1.84,26.95,0.97,"2,405.84","2,419.65","2,336.78","909,750","17,572,479","1,596,724,897"
2020/08/19,"2,360.54",12.30,0.52,1.83,27.09,0.98,"2,370.87","2,380.10","2,353.17","637,965","12,367,503","1,604,983,685"
2020/08/20,"2,274.22",-86.32,-3.66,1.90,26.10,0.94,"2,339.91","2,357.08","2,270.85","903,744","17,101,785","1,546,235,567"
2020/08/21,"2,304.59",30.37,1.34,1.87,26.45,0.96,"2,306.16","2,329.34","2,280.97","865,736","14,111,672","1,566,780,399"
2020/08/24,"2,329.83",25.24,1.10,1.85,26.74,0.97,"2,309.38","2,332.33","2,283.48","649,277","11,654,193","1,583,436,465"
2020/08/25,"2,366.73",36.90,1.58,1.82,27.17,0.98,"2,352.15","2,369.78","2,340.97","771,585","13,567,980","1,608,120,253"
2020/08/26,"2,369.32",2.59,0.11,1.82,27.20,0.98,"2,367.74","2,374.68","2,336.98","956,478","14,435,847","1,610,120,509"
2020/08/27,"2,344.45",-24.87,-1.05,1.84,26.91,0.97,"2,371.95","2,373.36","2,344.38","913,917","15,184,934","1,593,246,017"
2020/08/28,"2,353.80",9.35,0.40,1.83,27.02,0.98,"2,362.22","2,379.26","2,345.28","1,297,312","15,539,938","1,599,550,089"
2020/08/31,"2,326.17",-27.63,-1.17,1.85,26.70,0.97,"2,377.09","2,381.50","2,326.06","1,647,818","19,494,384","1,581,099,787"
2020/09/01,"2,349.55",23.38,1.01,1.83,26.97,0.98,"2,340.19","2,355.90","2,331.23","1,085,245","16,664,315","1,596,297,723"
2020/09/02,"2,364.37",14.82,0.63,1.82,27.14,0.98,"2,363.43","2,369.57","2,341.29","1,429,273","15,793,103","1,605,940,739"
2020/09/03,"2,395.90",31.53,1.33,1.80,27.51,0.99,"2,383.26","2,401.78","2,382.23","981,546","17,420,977","1,627,702,404"
2020/09/04,"2,368.25",-27.65,-1.15,1.82,27.19,0.98,"2,332.68","2,371.02","2,332.68","1,351,039","19,692,978","1,609,097,990"
2020/09/07,"2,384.22",15.97,0.67,1.81,27.37,0.99,"2,369.85","2,387.49","2,362.42","1,197,385","17,183,376","1,620,531,148"
2020/09/08,"2,401.91",17.69,0.74,1.79,27.58,1.00,"2,402.66","2,407.56","2,391.43","979,357","17,297,864","1,633,223,140"
2020/09/09,"2,375.81",-26.10,-1.09,1.81,27.28,0.99,"2,372.53","2,388.85","2,369.12","946,247","15,502,531","1,615,470,589"
2020/09/10,"2,396.48",20.67,0.87,1.80,28.63,0.98,"2,404.83","2,406.68","2,388.56","1,064,574","15,782,939","1,630,210,829"
2020/09/11,"2,396.69",0.21,0.01,1.80,28.63,0.98,"2,389.76","2,397.56","2,374.00","882,880","12,068,892","1,630,532,301"
2020/09/14,"2,427.91",31.22,1.30,1.78,29.00,0.99,"2,418.33","2,429.07","2,410.79","963,083","12,021,767","1,652,166,907"
2020/09/15,"2,443.58",15.67,0.65,1.76,29.19,0.99,"2,434.59","2,444.57","2,423.79","849,969","11,840,594","1,662,644,697"
2020/09/16,"2,435.92",-7.66,-0.31,1.77,29.10,0.99,"2,442.72","2,450.53","2,429.94","772,938","11,855,357","1,657,263,235"
2020/09/17,"2,406.17",-29.75,-1.22,1.79,28.75,0.98,"2,430.77","2,437.02","2,398.69","853,740","14,235,036","1,636,916,706"
2020/09/18,"2,412.40",6.23,0.26,1.79,28.82,0.98,"2,413.53","2,417.81","2,396.33","756,517","13,965,197","1,640,898,100"
2020/09/21,"2,389.39",-23.01,-0.95,1.80,28.55,0.97,"2,412.44","2,427.17","2,379.38","1,041,993","14,215,076","1,625,769,303"
2020/09/22,"2,332.59",-56.80,-2.38,1.85,27.87,0.95,"2,388.14","2,388.49","2,323.58","1,051,028","17,896,726","1,587,733,596"
2020/09/23,"2,333.24",0.65,0.03,1.85,27.85,0.95,"2,352.56","2,354.46","2,287.44","735,042","13,562,935","1,587,924,103"
2020/09/24,"2,272.70",-60.54,-2.59,1.90,27.13,0.92,"2,295.62","2,309.74","2,268.88","714,881","12,469,005","1,547,321,103"
2020/09/25,"2,278.79",6.09,0.27,1.89,27.20,0.93,"2,295.19","2,296.36","2,267.63","697,962","10,181,604","1,551,915,294"
2020/09/28,"2,308.08",29.29,1.29,1.87,27.56,0.94,"2,301.16","2,314.81","2,291.32","605,977","8,971,172","1,571,128,314"
2020/09/29,"2,327.89",19.81,0.86,1.85,27.79,0.95,"2,331.51","2,339.83","2,320.04","646,218","9,487,147","1,584,465,079"
2020/10/05,"2,358.00",30.11,1.29,1.83,28.15,0.96,"2,330.55","2,364.73","2,327.83","763,618","10,682,774","1,604,627,372"
2020/10/06,"2,365.90",7.90,0.34,1.82,28.25,0.96,"2,369.17","2,378.28","2,355.39","861,755","11,131,424","1,609,944,298"
2020/10/07,"2,386.94",21.04,0.89,1.81,28.50,0.97,"2,350.82","2,387.45","2,347.82","737,994","8,971,101","1,624,292,282"
2020/10/08,"2,391.96",5.02,0.21,1.80,28.57,0.97,"2,408.49","2,409.01","2,383.82","961,726","12,530,442","1,628,133,500"
2020/10/12,"2,403.73",11.77,0.49,1.79,28.71,0.98,"2,404.18","2,409.42","2,393.74","843,574","10,693,283","1,636,302,269"
2020/10/13,"2,403.15",-0.58,-0.02,1.79,28.70,0.98,"2,416.85","2,418.89","2,385.87","724,920","10,203,178","1,636,705,770"
2020/10/14,"2,380.48",-22.67,-0.94,1.81,28.43,0.97,"2,403.74","2,405.56","2,375.54","901,177","11,018,495","1,621,936,204"
2020/10/15,"2,361.21",-19.27,-0.81,1.82,28.22,0.96,"2,375.91","2,376.73","2,348.74","1,165,501","13,029,475","1,617,478,082"
2020/10/16,"2,341.53",-19.68,-0.83,1.83,28.10,0.96,"2,363.88","2,370.73","2,325.03","920,205","11,141,460","1,604,041,752"
2020/10/19,"2,346.74",5.21,0.22,1.83,28.17,0.96,"2,352.92","2,364.25","2,344.77","931,645","10,490,730","1,607,299,316"
2020/10/20,"2,358.41",11.67,0.50,1.81,28.33,0.97,"2,333.56","2,358.41","2,322.06","874,293","11,833,548","1,616,230,745"
2020/10/21,"2,370.86",12.45,0.53,1.81,28.48,0.97,"2,363.03","2,371.74","2,356.32","812,837","9,864,098","1,624,489,277"
2020/10/22,"2,355.05",-15.81,-0.67,1.82,28.29,0.96,"2,355.61","2,360.22","2,339.73","815,612","9,774,989","1,614,311,509"
2020/10/23,"2,360.81",5.76,0.24,1.81,28.36,0.97,"2,364.84","2,368.57","2,344.49","890,385","10,724,122","1,618,108,162"
2020/10/26,"2,343.91",-16.90,-0.72,1.83,28.15,0.96,"2,366.50","2,374.50","2,342.58","822,268","11,654,274","1,607,185,398"
2020/10/27,"2,330.84",-13.07,-0.56,1.84,28.00,0.96,"2,328.66","2,349.33","2,321.23","666,942","11,269,186","1,598,388,910"
2020/10/28,"2,345.26",14.42,0.62,1.82,28.17,0.96,"2,324.18","2,345.46","2,316.47","705,770","8,941,028","1,607,471,156"
2020/10/29,"2,326.67",-18.59,-0.79,1.84,27.95,0.95,"2,312.34","2,330.17","2,299.91","509,768","10,357,788","1,594,058,109"
2020/10/30,"2,267.15",-59.52,-2.56,1.89,27.23,0.93,"2,319.56","2,320.20","2,266.93","795,585","11,782,118","1,553,004,436"
2020/11/02,"2,300.16",33.01,1.46,1.86,27.63,0.94,"2,276.61","2,302.64","2,267.95","678,501","8,514,452","1,575,793,150"
2020/11/03,"2,343.31",43.15,1.88,1.83,28.16,0.96,"2,315.81","2,344.77","2,315.30","887,445","10,874,229","1,605,475,497"
2020/11/04,"2,357.32",14.01,0.60,1.81,28.33,0.97,"2,361.32","2,371.14","2,339.95","986,786","14,835,039","1,614,836,760"
2020/11/05,"2,413.79",56.47,2.40,1.77,29.01,0.99,"2,373.41","2,413.79","2,370.85","702,037","12,578,752","1,653,392,888"
2020/11/06,"2,416.50",2.71,0.11,1.77,29.04,0.99,"2,421.79","2,431.11","2,404.97","825,569","12,579,333","1,655,495,907"
2020/11/09,"2,447.20",30.70,1.27,1.75,29.41,1.00,"2,438.63","2,459.15","2,434.52","1,354,863","14,847,225","1,676,944,569"
2020/11/10,"2,452.83",5.63,0.23,1.74,29.48,1.01,"2,453.95","2,457.94","2,435.59","1,464,168","17,981,336","1,681,030,953"
2020/11/11,"2,485.87",33.04,1.35,1.72,29.88,1.02,"2,459.50","2,488.04","2,459.50","1,272,039","18,307,326","1,703,946,067"
2020/11/12,"2,475.62",-10.25,-0.41,1.73,29.76,1.02,"2,482.68","2,488.79","2,467.04","1,278,692","16,420,010","1,698,329,618"
2020/11/13,"2,493.87",18.25,0.74,1.71,29.98,1.02,"2,470.12","2,495.77","2,460.96","1,072,383","17,043,855","1,710,439,788"
2020/11/16,"2,543.03",49.16,1.97,1.68,30.57,1.04,"2,507.46","2,546.37","2,507.46","1,239,135","19,088,400","1,744,282,188"
2020/11/17,"2,539.15",-3.88,-0.15,1.68,30.53,1.04,"2,544.12","2,556.09","2,533.34","1,267,495","17,795,513","1,742,186,196"
2020/11/18,"2,545.64",6.49,0.26,1.68,30.61,1.04,"2,548.85","2,553.95","2,536.78","923,504","13,554,048","1,746,416,815"
2020/11/19,"2,547.42",1.78,0.07,1.68,30.63,1.05,"2,536.89","2,548.95","2,529.53","976,483","12,515,007","1,747,598,155"
2020/11/20,"2,553.50",6.08,0.24,1.67,30.71,1.05,"2,544.06","2,558.21","2,539.79","1,129,501","12,266,186","1,752,065,080"
2020/11/23,"2,602.59",49.09,1.92,1.64,31.30,1.07,"2,560.04","2,605.58","2,553.70","1,649,443","15,763,526","1,786,992,048"
2020/11/24,"2,617.76",15.17,0.58,1.63,31.48,1.07,"2,616.28","2,628.52","2,605.03","1,364,506","16,886,574","1,797,825,355"
2020/11/25,"2,601.54",-16.22,-0.62,1.64,31.29,1.07,"2,637.34","2,642.26","2,583.41","1,410,105","21,795,848","1,786,075,295"
2020/11/26,"2,625.91",24.37,0.94,1.63,31.58,1.08,"2,605.73","2,625.97","2,592.43","1,387,435","12,714,565","1,803,103,425"
2020/11/27,"2,633.45",7.54,0.29,1.62,31.67,1.08,"2,624.80","2,635.00","2,618.47","1,196,042","12,641,691","1,808,171,429"
2020/11/30,"2,591.34",-42.11,-1.60,1.65,31.17,1.06,"2,648.05","2,648.66","2,591.34","1,311,831","21,231,832","1,779,635,400"
2020/12/01,"2,634.25",42.91,1.66,1.62,31.68,1.08,"2,613.42","2,638.87","2,611.67","1,151,129","15,947,293","1,809,494,578"
2020/12/02,"2,675.90",41.65,1.58,1.60,32.19,1.10,"2,645.88","2,677.26","2,644.53","1,076,204","17,506,705","1,838,364,843"
2020/12/03,"2,696.22",20.32,0.76,1.58,32.43,1.11,"2,686.38","2,696.22","2,672.85","817,066","15,605,054","1,852,628,728"
2020/12/04,"2,731.45",35.23,1.31,1.56,32.86,1.12,"2,705.34","2,742.77","2,705.34","1,778,897","19,875,836","1,877,444,703"
2020/12/07,"2,745.44",13.99,0.51,1.55,33.04,1.13,"2,738.11","2,754.01","2,711.42","1,499,265","17,933,012","1,888,221,382"
2020/12/08,"2,700.93",-44.51,-1.62,1.58,32.52,1.11,"2,745.13","2,747.45","2,700.92","1,415,240","17,157,199","1,857,599,327"
2020/12/09,"2,755.47",54.54,2.02,1.55,33.18,1.13,"2,703.30","2,755.47","2,703.30","1,252,305","17,007,606","1,894,556,865"
2020/12/10,"2,746.46",-9.01,-0.33,1.55,33.07,1.13,"2,750.34","2,765.46","2,718.70","1,227,651","20,630,647","1,889,374,447"
2020/12/11,"2,770.06",23.60,0.86,1.54,28.37,1.11,"2,754.16","2,781.04","2,754.16","1,215,239","18,329,100","1,906,299,605"
2020/12/14,"2,762.20",-7.86,-0.28,1.54,28.29,1.11,"2,769.43","2,782.79","2,755.29","1,113,631","17,012,253","1,901,627,365"
2020/12/15,"2,756.82",-5.38,-0.19,1.55,28.23,1.11,"2,763.65","2,769.37","2,735.08","1,093,523","15,537,969","1,897,677,117"
2020/12/16,"2,771.79",14.97,0.54,1.54,28.39,1.11,"2,763.64","2,781.08","2,761.50","1,166,638","13,649,677","1,907,811,219"
2020/12/17,"2,770.43",-1.36,-0.05,1.54,28.37,1.11,"2,769.89","2,772.71","2,742.25","1,015,484","16,275,329","1,906,419,280"
2020/12/18,"2,772.18",1.75,0.06,1.54,28.40,1.11,"2,770.95","2,782.15","2,762.80","1,059,144","19,166,225","1,907,350,242"
2020/12/21,"2,778.65",6.47,0.23,1.53,28.47,1.12,"2,771.98","2,780.24","2,747.09","1,139,514","18,972,231","1,911,737,301"
2020/12/22,"2,733.68",-44.97,-1.62,1.56,28.03,1.10,"2,772.03","2,774.22","2,733.64","1,260,762","19,881,378","1,881,809,988"
2020/12/23,"2,759.82",26.14,0.96,1.54,28.30,1.11,"2,737.74","2,769.08","2,716.28","1,121,347","20,281,218","1,901,461,519"
2020/12/24,"2,806.86",47.04,1.70,1.52,28.78,1.13,"2,762.60","2,812.16","2,762.60","1,030,890","19,984,695","1,936,826,862"
2020/12/28,"2,808.60",1.74,0.06,1.52,28.80,1.13,"2,820.95","2,834.59","2,799.56","1,006,250","24,197,781","1,938,374,378"
2020/12/29,"2,820.51",11.91,0.42,1.51,28.93,1.14,"2,810.55","2,823.44","2,792.06","1,046,839","19,299,049","1,944,111,086"
2020/12/30,"2,873.47",52.96,1.88,1.48,29.47,1.16,"2,820.36","2,878.21","2,809.35","1,074,033","17,928,855","1,980,543,162"
2021/01/04,"2,944.45",70.98,2.47,1.44,30.20,1.19,"2,874.50","2,946.54","2,869.11","1,026,510","25,011,394","2,028,846,032"
2021/01/05,"2,990.57",46.12,1.57,1.42,30.68,1.20,"2,943.67","2,990.57","2,921.84","1,519,912","26,548,380","2,059,743,508"
2021/01/06,"2,968.21",-22.36,-0.75,1.43,30.45,1.20,"2,993.34","3,027.16","2,961.37","1,793,419","29,909,396","2,044,102,754"
2021/01/07,"3,031.68",63.47,2.14,1.40,31.11,1.22,"2,980.75","3,055.28","2,980.75","1,524,654","27,182,807","2,086,578,562"
2021/01/08,"3,152.18",120.50,3.97,1.35,32.35,1.27,"3,040.11","3,161.11","3,040.11","1,297,903","40,909,490","2,170,537,648"
2021/01/11,"3,148.45",-3.73,-0.12,1.35,32.31,1.27,"3,161.90","3,266.23","3,096.19","1,712,526","44,433,772","2,171,629,412"
2021/01/12,"3,125.95",-22.50,-0.71,1.36,32.08,1.26,"3,145.87","3,154.79","3,047.56","1,390,618","31,407,397","2,155,702,540"
2021/01/13,"3,148.29",22.34,0.71,1.35,32.31,1.27,"3,128.26","3,164.37","3,109.63","1,578,042","24,725,590","2,169,378,970"
2021/01/14,"3,149.93",1.64,0.05,1.35,32.33,1.27,"3,148.65","3,159.03","3,128.72","1,233,183","24,122,957","2,170,678,334"
2021/01/15,"3,085.90",-64.03,-2.03,1.38,31.67,1.24,"3,153.84","3,189.90","3,085.90","1,331,079","23,162,292","2,127,886,649"
2021/01/18,"3,013.93",-71.97,-2.33,1.41,30.95,1.21,"3,079.90","3,079.90","3,003.89","1,472,049","23,186,884","2,077,227,073"
2021/01/19,"3,092.66",78.73,2.61,1.37,31.76,1.25,"3,013.05","3,107.00","3,011.32","1,353,312","24,190,453","2,131,564,250"
2021/01/20,"3,114.55",21.89,0.71,1.36,31.99,1.26,"3,115.04","3,145.01","3,077.15","1,192,695","24,628,057","2,146,526,770"
2021/01/21,"3,160.84",46.29,1.49,1.34,32.47,1.27,"3,123.27","3,163.21","3,123.27","1,360,065","25,279,965","2,179,020,943"
2021/01/22,"3,140.63",-20.21,-0.64,1.35,32.26,1.27,"3,163.83","3,185.26","3,140.60","1,111,223","24,305,356","2,165,993,243"
2021/01/25,"3,208.99",68.36,2.18,1.32,33.02,1.30,"3,144.01","3,212.22","3,142.80","1,093,653","21,172,003","2,212,081,519"
2021/01/26,"3,140.31",-68.68,-2.14,1.35,32.28,1.27,"3,203.96","3,209.18","3,132.67","873,024","21,874,954","2,165,657,737"
2021/01/27,"3,122.56",-17.75,-0.57,1.36,32.10,1.26,"3,143.46","3,182.53","3,118.89","924,582","20,147,107","2,152,860,460"
2021/01/28,"3,069.05",-53.51,-1.71,1.38,31.55,1.24,"3,114.98","3,114.98","3,046.64","1,310,455","23,007,883","2,115,667,110"
2021/01/29,"2,976.21",-92.84,-3.03,1.43,30.59,1.20,"3,078.73","3,100.22","2,962.70","995,071","24,350,307","2,051,302,353"
2021/02/01,"3,056.53",80.32,2.70,1.39,31.42,1.23,"2,976.81","3,056.87","2,947.24","969,262","20,724,667","2,104,888,955"
2021/02/02,"3,096.81",40.28,1.32,1.37,31.84,1.25,"3,065.56","3,138.95","3,065.56","887,314","19,143,871","2,134,009,403"
2021/02/03,"3,129.68",32.87,1.06,1.36,32.18,1.26,"3,108.42","3,142.26","3,091.85","901,789","22,427,782","2,158,359,679"
2021/02/04,"3,087.55",-42.13,-1.35,1.37,31.74,1.25,"3,135.02","3,135.02","3,068.46","1,460,946","20,648,473","2,130,412,929"
2021/02/05,"3,120.63",33.08,1.07,1.36,32.08,1.26,"3,098.49","3,124.62","3,081.78","1,193,487","19,789,811","2,154,425,469"
2021/02/08,"3,091.24",-29.39,-0.94,1.37,31.78,1.25,"3,113.63","3,128.54","3,085.59","1,277,207","19,312,220","2,132,984,549"
2021/02/09,"3,084.67",-6.57,-0.21,1.38,31.71,1.25,"3,102.25","3,129.66","3,084.67","2,145,388","18,389,342","2,129,174,908"
2021/02/10,"3,100.58",15.91,0.52,1.37,31.88,1.25,"3,088.13","3,111.88","3,064.25","2,152,917","18,333,692","2,140,181,514"
2021/02/15,"3,147.00",46.42,1.50,1.35,32.36,1.27,"3,108.70","3,156.56","3,108.70","1,604,653","16,944,151","2,172,563,782"
2021/02/16,"3,163.25",16.25,0.52,1.34,32.53,1.28,"3,151.85","3,180.94","3,145.84","1,944,396","17,171,321","2,184,114,152"
2021/02/17,"3,133.73",-29.52,-0.93,1.35,32.22,1.27,"3,162.95","3,162.95","3,115.48","1,784,127","16,846,121","2,162,973,198"
2021/02/18,"3,086.66",-47.07,-1.50,1.37,31.74,1.25,"3,131.74","3,140.40","3,086.66","1,860,567","18,141,180","2,130,240,936"
2021/02/19,"3,107.62",20.96,0.68,1.36,31.96,1.25,"3,089.96","3,109.67","3,040.28","3,455,505","19,720,470","2,145,756,604"
2021/02/22,"3,079.75",-27.87,-0.90,1.38,31.67,1.24,"3,114.03","3,142.48","3,079.16","1,831,956","18,224,657","2,126,152,211"
2021/02/23,"3,070.09",-9.66,-0.31,1.38,31.57,1.24,"3,069.26","3,094.29","3,035.46","2,357,759","17,661,158","2,118,916,098"
2021/02/24,"2,994.98",-75.11,-2.45,1.42,30.80,1.21,"3,070.58","3,092.05","2,993.46","1,560,931","21,519,851","2,067,821,072"
2021/02/25,"3,099.69",104.71,3.50,1.37,31.88,1.25,"3,026.47","3,099.80","3,026.47","1,280,086","17,213,951","2,139,066,413"
2021/02/26,"3,012.95",-86.74,-2.80,1.41,30.98,1.22,"3,089.49","3,089.49","2,988.28","1,361,310","21,504,876","2,079,822,287"
2021/03/02,"3,043.87",30.92,1.03,1.39,31.30,1.23,"3,021.68","3,096.50","3,020.74","1,749,871","18,852,145","2,100,892,200"
2021/03/03,"3,082.99",39.12,1.29,1.38,31.71,1.25,"3,041.20","3,083.04","3,029.37","2,236,688","14,714,276","2,127,504,522"
2021/03/04,"3,043.49",-39.50,-1.28,1.39,31.30,1.23,"3,076.88","3,076.88","3,022.54","1,278,952","17,149,583","2,100,388,462"
2021/03/05,"3,026.26",-17.23,-0.57,1.40,31.12,1.22,"3,036.16","3,036.98","2,982.45","1,187,226","16,767,185","2,089,548,989"
2021/03/08,"2,996.11",-30.15,-1.00,1.42,30.81,1.21,"3,031.99","3,055.65","2,992.64","1,928,302","15,786,853","2,069,285,179"
2021/03/09,"2,976.12",-19.99,-0.67,1.43,30.60,1.20,"2,989.96","3,000.49","2,929.36","1,534,218","18,419,499","2,056,078,963"
2021/03/10,"2,958.12",-18.00,-0.60,1.43,30.42,1.19,"2,980.76","3,013.95","2,951.53","905,647","13,586,638","2,043,540,146"
2021/03/11,"3,013.70",55.58,1.88,1.41,30.99,1.22,"2,964.30","3,028.37","2,964.30","1,349,204","16,024,120","2,081,131,560"
2021/03/12,"3,054.39",40.69,1.35,1.39,31.41,1.23,"3,030.73","3,061.43","3,030.73","1,669,085","13,112,979","2,108,739,012"
2021/03/15,"3,045.71",-8.68,-0.28,1.39,31.32,1.23,"3,057.06","3,065.17","3,036.14","1,161,784","12,580,944","2,103,490,190"
2021/03/16,"3,067.17",21.46,0.70,1.38,31.54,1.24,"3,049.23","3,071.54","3,049.23","1,123,922","12,930,136","2,118,221,348"
2021/03/17,"3,047.50",-19.67,-0.64,1.39,31.34,1.23,"3,067.76","3,069.57","3,027.20","814,991","13,933,301","2,104,611,972"
2021/03/18,"3,066.01",18.51,0.61,1.38,31.53,1.24,"3,054.93","3,090.19","3,054.93","1,232,596","15,133,172","2,131,746,122"
2021/03/19,"3,039.53",-26.48,-0.86,1.39,31.45,1.24,"3,063.01","3,063.01","3,022.49","1,068,468","16,337,600","2,113,198,643"
2021/03/22,"3,035.46",-4.07,-0.13,1.39,31.41,1.23,"3,040.01","3,048.11","3,019.60","915,739","13,348,889","2,111,019,309"
2021/03/23,"3,004.74",-30.72,-1.01,1.40,31.09,1.22,"3,038.25","3,058.79","3,003.05","1,331,210","16,167,128","2,090,378,385"
2021/03/24,"2,996.35",-8.39,-0.28,1.41,31.00,1.22,"2,996.32","3,006.54","2,971.04","978,431","13,400,025","2,088,782,705"
2021/03/25,"3,008.33",11.98,0.40,1.40,31.12,1.22,"2,995.67","3,024.63","2,987.83","940,354","13,434,688","2,097,224,019"
2021/03/26,"3,041.01",32.68,1.09,1.39,31.45,1.24,"3,012.79","3,041.86","3,012.79","1,036,383","15,837,825","2,119,963,830"
2021/03/29,"3,036.04",-4.97,-0.16,1.39,31.40,1.23,"3,047.71","3,054.21","3,025.39","1,288,846","16,736,098","2,116,791,654"
2021/03/30,"3,070.00",33.96,1.12,1.37,31.75,1.25,"3,038.44","3,074.57","3,038.44","1,023,075","14,149,217","2,139,668,811"
2021/03/31,"3,061.42",-8.58,-0.28,1.38,31.67,1.24,"3,073.39","3,093.89","3,061.40","1,146,989","14,537,438","2,133,373,184"
2021/04/01,"3,087.40",25.98,0.85,1.36,31.94,1.25,"3,073.77","3,090.88","3,069.68","922,680","14,035,774","2,151,569,269"
2021/04/02,"3,112.80",25.40,0.82,1.35,32.20,1.26,"3,104.72","3,121.58","3,101.60","792,705","13,442,351","2,169,819,699"
2021/04/05,"3,120.83",8.03,0.26,1.35,32.29,1.27,"3,121.23","3,127.20","3,101.86","1,084,792","13,010,540","2,175,988,045"
2021/04/06,"3,127.08",6.25,0.20,1.35,32.35,1.27,"3,123.80","3,139.29","3,110.19","1,279,017","13,676,602","2,180,839,058"
2021/04/07,"3,137.41",10.33,0.33,1.34,32.46,1.27,"3,129.07","3,146.19","3,125.33","1,984,774","14,490,177","2,187,857,006"
2021/04/08,"3,143.26",5.85,0.19,1.34,32.52,1.28,"3,137.25","3,145.81","3,122.09","1,357,293","17,080,031","2,190,897,559"
2021/04/09,"3,131.88",-11.38,-0.36,1.35,32.40,1.27,"3,146.51","3,156.04","3,125.24","1,823,162","15,093,695","2,183,407,708"
2021/04/12,"3,135.59",3.71,0.12,1.34,32.44,1.27,"3,134.88","3,147.27","3,127.91","1,048,783","13,288,261","2,186,336,552"
2021/04/13,"3,169.08",33.49,1.07,1.33,32.79,1.29,"3,138.21","3,173.26","3,136.99","1,741,348","16,363,773","2,209,344,454"
2021/04/14,"3,182.38",13.30,0.42,1.32,32.95,1.29,"3,169.95","3,188.32","3,162.12","1,776,265","15,552,014","2,219,837,253"
2021/04/15,"3,194.33",11.95,0.38,1.32,33.07,1.30,"3,180.73","3,204.48","3,178.99","1,312,992","17,671,287","2,227,893,249"
2021/04/16,"3,198.62",4.29,0.13,1.32,33.12,1.30,"3,194.08","3,206.76","3,185.67","985,278","15,542,111","2,230,863,451"
2021/04/19,"3,198.84",0.22,0.01,1.32,33.12,1.30,"3,201.11","3,214.45","3,193.40","1,060,619","15,378,169","2,231,246,758"
2021/04/20,"3,220.70",21.86,0.68,1.31,33.35,1.31,"3,198.31","3,220.82","3,195.96","1,296,160","14,508,206","2,246,496,867"
2021/04/21,"3,171.66",-49.04,-1.52,1.33,32.85,1.29,"3,214.24","3,214.24","3,165.49","1,767,091","16,916,024","2,212,715,486"
2021/04/22,"3,177.52",5.86,0.18,1.32,32.92,1.29,"3,174.52","3,196.97","3,174.52","1,752,692","14,862,862","2,217,699,634"
2021/04/23,"3,186.10",8.58,0.27,1.32,32.99,1.30,"3,173.47","3,188.70","3,146.54","2,253,793","15,653,206","2,223,584,747"
2021/04/26,"3,217.53",31.43,0.99,1.31,33.32,1.31,"3,191.34","3,217.53","3,191.34","1,298,330","15,753,768","2,244,296,748"
2021/04/27,"3,215.42",-2.11,-0.07,1.31,33.30,1.31,"3,218.30","3,223.05","3,203.25","1,534,230","17,177,221","2,242,791,906"
2021/04/28,"3,181.47",-33.95,-1.06,1.32,32.94,1.29,"3,217.21","3,219.69","3,176.55","1,412,621","18,379,829","2,219,525,997"
2021/04/29,"3,174.07",-7.40,-0.23,1.33,32.87,1.29,"3,184.75","3,200.41","3,161.06","1,222,430","19,126,667","2,214,470,771"
2021/04/30,"3,147.86",-26.21,-0.83,1.34,32.60,1.28,"3,176.43","3,179.43","3,143.38","1,359,455","19,207,526","2,196,644,814"
2021/05/03,"3,127.20",-20.66,-0.66,1.83,26.05,1.26,"3,149.05","3,174.26","3,120.70","1,041,199","16,975,831","2,183,279,571"
2021/05/04,"3,147.37",20.17,0.64,1.82,26.22,1.27,"3,131.39","3,147.38","3,109.78","1,283,830","15,962,437","2,197,169,422"
2021/05/06,"3,178.74",31.37,1.00,1.80,26.48,1.28,"3,147.72","3,178.74","3,133.64","1,239,403","16,626,445","2,218,596,989"
2021/05/07,"3,197.20",18.46,0.58,1.79,26.63,1.29,"3,179.63","3,205.11","3,179.63","989,680","15,206,303","2,231,754,453"
2021/05/10,"3,249.30",52.10,1.63,1.76,27.07,1.31,"3,201.46","3,255.90","3,201.46","1,011,267","17,187,182","2,267,392,610"
2021/05/11,"3,209.43",-39.87,-1.23,1.79,26.75,1.30,"3,239.92","3,239.92","3,192.25","1,096,718","21,883,490","2,250,813,286"
2021/05/12,"3,161.66",-47.77,-1.49,1.80,26.46,1.28,"3,209.36","3,212.83","3,138.04","1,424,059","22,458,066","2,217,704,460"
2021/05/13,"3,122.11",-39.55,-1.25,1.83,26.09,1.26,"3,146.97","3,161.93","3,103.88","1,095,948","21,059,804","2,187,284,901"
2021/05/14,"3,153.32",31.21,1.00,1.81,26.36,1.28,"3,131.35","3,162.31","3,131.35","836,404","14,493,544","2,209,898,270"
2021/05/17,"3,134.52",-18.80,-0.60,1.82,26.20,1.27,"3,163.21","3,173.01","3,121.32","771,306","14,552,524","2,197,146,071"
2021/05/18,"3,173.05",38.53,1.23,1.80,26.53,1.28,"3,135.38","3,176.40","3,135.38","786,143","13,898,610","2,223,050,434"
2021/05/20,"3,162.28",-10.77,-0.34,1.81,26.44,1.28,"3,174.53","3,174.53","3,140.48","774,252","13,719,657","2,215,262,489"
2021/05/21,"3,156.42",-5.86,-0.19,1.81,26.39,1.28,"3,171.91","3,198.01","3,149.46","797,262","14,789,457","2,211,878,674"
2021/05/24,"3,144.30",-12.12,-0.38,1.82,26.25,1.27,"3,155.91","3,163.27","3,137.81","587,968","11,604,047","2,203,296,528"
2021/05/25,"3,171.32",27.02,0.86,1.80,26.48,1.28,"3,152.93","3,173.10","3,148.30","612,977","11,728,027","2,222,161,158"
2021/05/26,"3,168.43",-2.89,-0.09,1.80,26.46,1.28,"3,171.91","3,183.97","3,160.30","1,269,999","13,173,016","2,220,195,702"
2021/05/27,"3,165.51",-2.92,-0.09,1.81,26.43,1.28,"3,170.84","3,173.86","3,142.37","1,082,006","20,682,335","2,213,264,037"
2021/05/28,"3,188.73",23.22,0.73,1.80,26.56,1.29,"3,172.09","3,198.66","3,171.85","966,368","13,533,299","2,229,262,136"
2021/05/31,"3,203.92",15.19,0.48,1.79,26.69,1.29,"3,192.06","3,204.29","3,179.87","1,123,525","14,017,446","2,240,204,442"
2021/06/01,"3,221.87",17.95,0.56,1.78,26.84,1.30,"3,207.12","3,233.17","3,199.18","1,472,571","15,270,804","2,252,414,412"
2021/06/02,"3,224.23",2.36,0.07,1.78,26.86,1.30,"3,224.40","3,241.07","3,216.10","1,495,671","17,740,842","2,253,801,397"
2021/06/03,"3,247.43",23.20,0.72,1.76,18.13,1.28,"3,224.96","3,258.50","3,224.96","1,584,799","16,890,462","2,271,047,146"
2021/06/04,"3,240.08",-7.35,-0.23,1.77,18.09,1.28,"3,246.17","3,246.19","3,218.67","1,392,320","16,051,031","2,266,301,575"
2021/06/07,"3,252.12",12.04,0.37,1.76,18.16,1.28,"3,244.59","3,264.41","3,233.40","1,733,348","19,023,222","2,274,803,756"
2021/06/08,"3,247.83",-4.29,-0.13,1.76,18.13,1.28,"3,251.83","3,264.67","3,242.56","1,951,319","19,352,174","2,271,737,874"
2021/06/09,"3,216.18",-31.65,-0.97,1.78,17.95,1.27,"3,245.08","3,246.49","3,216.18","1,964,923","17,164,710","2,250,239,308"
2021/06/10,"3,224.64",8.46,0.26,1.77,17.97,1.27,"3,216.94","3,235.39","3,210.31","1,896,766","19,170,540","2,255,706,784"
2021/06/11,"3,249.32",24.68,0.77,1.76,18.11,1.28,"3,226.98","3,251.58","3,226.98","1,645,509","17,956,257","2,272,865,086"
2021/06/14,"3,252.13",2.81,0.09,1.76,18.12,1.28,"3,249.60","3,254.49","3,238.51","1,664,527","15,262,485","2,274,655,820"
2021/06/15,"3,258.63",6.50,0.20,1.76,18.16,1.29,"3,253.17","3,262.80","3,247.90","1,734,497","14,838,275","2,279,093,890"
2021/06/16,"3,278.68",20.05,0.62,1.74,18.27,1.29,"3,259.06","3,281.96","3,256.68","2,345,811","16,297,981","2,293,095,237"
2021/06/17,"3,264.96",-13.72,-0.42,1.75,18.20,1.29,"3,276.20","3,276.20","3,251.32","1,848,671","14,672,133","2,283,628,537"
2021/06/18,"3,267.93",2.97,0.09,1.75,18.22,1.29,"3,265.68","3,275.76","3,262.58","1,627,658","17,492,732","2,285,587,402"
2021/06/21,"3,240.79",-27.14,-0.83,1.76,18.06,1.28,"3,264.18","3,264.18","3,225.56","1,508,634","17,291,260","2,266,650,211"
2021/06/22,"3,263.88",23.09,0.71,1.75,18.19,1.29,"3,245.79","3,267.63","3,245.79","1,666,697","15,512,033","2,283,310,827"
2021/06/23,"3,276.19",12.31,0.38,1.75,18.26,1.29,"3,265.73","3,281.88","3,263.07","1,069,175","17,865,269","2,292,900,832"
2021/06/24,"3,286.10",9.91,0.30,1.74,18.32,1.30,"3,281.47","3,292.27","3,277.85","1,301,271","21,426,510","2,300,141,383"
2021/06/25,"3,302.84",16.74,0.51,1.73,18.41,1.30,"3,289.18","3,316.08","3,289.18","1,198,188","18,618,608","2,312,030,311"
2021/06/28,"3,301.89",-0.95,-0.03,1.73,18.40,1.30,"3,305.46","3,311.69","3,291.30","1,428,764","13,796,056","2,311,642,031"
2021/06/29,"3,286.68",-15.21,-0.46,1.74,18.33,1.30,"3,305.26","3,305.42","3,276.63","1,213,047","15,509,503","2,300,482,291"
2021/06/30,"3,296.68",10.00,0.30,1.73,18.38,1.30,"3,288.63","3,305.73","3,288.63","1,610,376","15,646,662","2,307,579,219"
2021/07/01,"3,282.06",-14.62,-0.44,1.74,18.30,1.30,"3,297.92","3,300.12","3,278.10","1,159,231","16,075,975","2,297,428,890"
2021/07/02,"3,281.78",-0.28,-0.01,1.74,18.30,1.30,"3,282.81","3,295.68","3,278.19","1,019,998","15,437,887","2,296,886,523"
2021/07/05,"3,293.21",11.43,0.35,1.74,18.37,1.30,"3,285.29","3,298.93","3,285.29","850,406","14,529,926","2,305,240,405"
2021/07/06,"3,305.21",12.00,0.36,1.73,18.44,1.31,"3,295.44","3,313.51","3,295.44","1,029,465","14,686,383","2,314,417,370"
2021/07/07,"3,285.34",-19.87,-0.60,1.74,18.33,1.30,"3,303.59","3,303.59","3,277.66","1,147,641","14,507,060","2,300,642,186"
2021/07/08,"3,252.68",-32.66,-0.99,1.76,18.15,1.29,"3,287.68","3,295.71","3,252.41","1,516,034","16,870,624","2,277,841,604"
2021/07/09,"3,217.95",-34.73,-1.07,1.78,17.95,1.27,"3,245.52","3,245.52","3,188.80","1,308,365","16,473,106","2,253,697,508"
2021/07/12,"3,246.47",28.52,0.89,1.76,18.11,1.28,"3,227.51","3,251.45","3,227.51","1,135,043","11,280,079","2,273,494,421"
2021/07/13,"3,271.38",24.91,0.77,1.75,18.25,1.29,"3,253.24","3,273.90","3,253.24","1,150,101","13,494,446","2,290,584,923"
2021/07/14,"3,264.81",-6.57,-0.20,1.75,18.22,1.29,"3,270.09","3,270.09","3,250.45","908,954","12,993,101","2,286,388,813"
2021/07/15,"3,286.22",21.41,0.66,1.74,18.34,1.30,"3,269.33","3,286.58","3,263.09","1,172,431","13,683,901","2,301,050,678"
2021/07/16,"3,276.91",-9.31,-0.28,1.74,18.31,1.30,"3,282.89","3,282.89","3,259.32","1,066,507","14,781,319","2,304,505,795"
2021/07/19,"3,244.04",-32.87,-1.00,1.76,18.08,1.29,"3,258.87","3,258.87","3,236.39","1,095,559","12,855,281","2,281,788,153"
2021/07/20,"3,232.70",-11.34,-0.35,1.76,18.02,1.28,"3,223.24","3,234.80","3,214.42","979,670","15,292,372","2,273,800,450"
2021/07/21,"3,215.91",-16.79,-0.52,1.77,17.94,1.28,"3,251.13","3,252.25","3,215.91","990,327","14,864,748","2,262,423,630"
2021/07/22,"3,250.21",34.30,1.07,1.75,18.11,1.29,"3,235.17","3,253.75","3,235.17","712,983","13,039,250","2,286,455,397"
2021/07/23,"3,254.42",4.21,0.13,1.75,18.14,1.29,"3,253.44","3,264.01","3,246.09","805,048","13,209,383","2,288,976,880"
2021/07/26,"3,224.95",-29.47,-0.91,1.77,17.97,1.28,"3,265.99","3,265.99","3,224.95","826,067","12,212,491","2,268,644,077"
2021/07/27,"3,232.53",7.58,0.24,1.76,18.01,1.28,"3,244.43","3,252.85","3,230.75","991,939","12,348,469","2,273,599,243"
2021/07/28,"3,236.86",4.33,0.13,1.76,18.04,1.28,"3,226.06","3,243.21","3,210.90","868,603","11,979,297","2,276,373,997"
2021/07/29,"3,242.65",5.79,0.18,1.76,18.07,1.29,"3,248.49","3,252.26","3,232.50","694,823","10,491,307","2,280,494,339"
2021/07/30,"3,202.32",-40.33,-1.24,1.78,17.85,1.27,"3,234.37","3,234.66","3,202.32","687,861","12,808,243","2,252,545,492"
2021/08/02,"3,223.04",20.72,0.65,1.77,17.96,1.28,"3,218.42","3,223.04","3,194.00","561,003","10,237,986","2,267,461,203"
2021/08/03,"3,237.14",14.10,0.44,1.76,18.04,1.28,"3,221.57","3,237.14","3,213.20","653,513","12,491,381","2,278,025,799"
2021/08/04,"3,280.38",43.24,1.34,1.74,18.28,1.30,"3,246.65","3,283.14","3,237.55","632,242","12,357,120","2,308,134,805"
2021/08/05,"3,276.13",-4.25,-0.13,1.74,18.26,1.30,"3,283.25","3,296.17","3,273.33","680,941","11,877,709","2,305,637,212"
2021/08/06,"3,270.36",-5.77,-0.18,1.74,18.23,1.30,"3,277.06","3,288.17","3,261.93","941,361","15,455,404","2,334,628,994"
2021/08/09,"3,260.42",-9.94,-0.30,1.72,18.43,1.31,"3,258.10","3,275.15","3,251.74","707,654","15,732,538","2,329,309,985"
2021/08/10,"3,243.19",-17.23,-0.53,1.73,18.34,1.30,"3,272.44","3,272.44","3,232.46","730,349","21,657,925","2,339,206,516"
2021/08/11,"3,220.62",-22.57,-0.70,1.73,18.31,1.31,"3,235.36","3,250.21","3,217.65","618,093","19,193,401","2,322,607,459"
2021/08/12,"3,208.38",-12.24,-0.38,1.73,18.24,1.30,"3,213.58","3,229.59","3,202.11","643,283","20,403,906","2,313,093,348"
2021/08/13,"3,171.29",-37.09,-1.16,1.75,18.02,1.29,"3,205.75","3,209.72","3,146.76","696,468","20,201,969","2,285,376,012"
2021/08/17,"3,143.09",-28.20,-0.89,1.77,17.86,1.28,"3,169.74","3,179.49","3,134.48","690,842","22,241,588","2,265,401,557"
2021/08/18,"3,158.93",15.84,0.50,1.76,17.94,1.28,"3,141.98","3,175.88","3,124.56","622,792","16,752,627","2,276,820,395"
2021/08/19,"3,097.83",-61.10,-1.93,1.79,17.60,1.26,"3,140.01","3,158.00","3,097.83","655,629","17,170,844","2,235,216,708"
2021/08/20,"3,060.51",-37.32,-1.20,1.81,17.39,1.24,"3,111.10","3,122.09","3,049.03","672,088","16,450,580","2,209,662,899"
2021/08/23,"3,090.21",29.70,0.97,1.80,17.57,1.26,"3,086.81","3,111.81","3,064.65","570,980","13,424,033","2,230,738,569"
2021/08/24,"3,138.30",48.09,1.56,1.77,17.84,1.28,"3,119.70","3,142.58","3,115.23","586,535","14,946,074","2,266,706,992"
2021/08/25,"3,146.81",8.51,0.27,1.76,17.89,1.28,"3,148.13","3,161.00","3,124.25","624,688","13,365,596","2,272,311,235"
2021/08/26,"3,128.53",-18.28,-0.58,1.77,17.78,1.27,"3,151.30","3,159.37","3,121.04","727,719","13,335,288","2,259,280,094"
2021/08/27,"3,133.90",5.37,0.17,1.77,17.82,1.27,"3,116.29","3,143.01","3,106.97","520,669","11,039,934","2,262,422,712"
2021/08/30,"3,144.19",10.29,0.33,1.77,17.88,1.28,"3,160.87","3,164.87","3,132.77","602,858","11,758,710","2,269,580,866"
2021/08/31,"3,199.27",55.08,1.75,1.73,18.20,1.30,"3,144.49","3,199.89","3,130.30","661,221","15,863,630","2,309,062,613"
2021/09/01,"3,207.02",7.75,0.24,1.73,18.24,1.30,"3,195.67","3,215.13","3,185.80","746,705","13,537,908","2,317,655,772"
2021/09/02,"3,175.85",-31.17,-0.97,1.74,18.10,1.29,"3,198.03","3,204.01","3,171.78","757,860","15,378,375","2,297,103,342"
2021/09/03,"3,201.06",25.21,0.79,1.73,18.24,1.30,"3,189.71","3,203.08","3,181.64","641,510","13,110,992","2,315,800,431"
2021/09/06,"3,203.33",2.27,0.07,1.73,18.25,1.30,"3,196.30","3,206.25","3,186.79","726,190","12,313,477","2,318,348,874"
2021/09/07,"3,187.42",-15.91,-0.50,1.74,18.16,1.30,"3,200.07","3,201.76","3,176.81","760,160","11,943,337","2,306,637,033"
2021/09/08,"3,162.99",-24.43,-0.77,1.75,18.02,1.29,"3,178.74","3,187.55","3,157.07","859,889","17,302,711","2,290,248,707"
2021/09/09,"3,114.70",-48.29,-1.53,1.77,14.82,1.23,"3,146.64","3,158.60","3,111.49","927,369","17,787,105","2,256,111,112"
2021/09/10,"3,125.76",11.06,0.36,1.77,14.87,1.23,"3,121.09","3,131.54","3,103.38","723,085","13,566,490","2,262,866,817"
2021/09/13,"3,127.86",2.10,0.07,1.77,14.89,1.23,"3,117.35","3,139.13","3,109.01","732,270","13,505,433","2,264,159,333"
2021/09/14,"3,148.83",20.97,0.67,1.75,14.99,1.24,"3,137.32","3,164.31","3,137.32","713,227","15,787,292","2,280,258,289"
2021/09/15,"3,153.40",4.57,0.15,1.75,15.01,1.24,"3,147.21","3,164.01","3,138.80","616,557","12,162,694","2,284,157,741"
2021/09/16,"3,130.09",-23.31,-0.74,1.76,14.91,1.23,"3,165.38","3,167.68","3,126.65","612,873","12,259,518","2,267,220,040"
2021/09/17,"3,140.51",10.42,0.33,1.76,14.95,1.24,"3,127.75","3,142.13","3,112.51","589,244","14,937,658","2,284,484,861"
2021/09/23,"3,127.58",-12.93,-0.41,1.76,15.00,1.23,"3,123.64","3,131.63","3,107.98","623,841","14,009,138","2,275,325,270"
2021/09/24,"3,125.24",-2.34,-0.07,1.76,14.99,1.23,"3,140.73","3,146.86","3,119.40","753,222","12,558,236","2,273,591,460"
2021/09/27,"3,133.64",8.40,0.27,1.75,15.03,1.24,"3,121.70","3,146.35","3,119.26","883,229","12,266,967","2,279,894,818"
2021/09/28,"3,097.92",-35.72,-1.14,1.77,14.86,1.22,"3,133.40","3,134.46","3,095.72","894,913","14,658,731","2,254,315,886"
2021/09/29,"3,060.27",-37.65,-1.22,1.80,14.68,1.21,"3,055.50","3,069.04","3,030.60","821,558","15,137,008","2,226,722,697"
2021/09/30,"3,068.82",8.55,0.28,1.79,14.72,1.21,"3,054.87","3,079.43","3,046.43","885,819","14,942,854","2,231,957,338"
2021/10/01,"3,019.18",-49.64,-1.62,1.82,14.48,1.19,"3,056.21","3,062.60","3,015.01","855,482","12,944,006","2,195,489,102"
2021/10/05,"2,962.17",-57.01,-1.89,1.86,14.21,1.17,"2,998.17","2,998.17","2,940.59","840,557","15,315,537","2,153,672,546"
2021/10/06,"2,908.31",-53.86,-1.82,1.89,13.95,1.15,"2,986.06","2,993.47","2,908.30","901,722","15,668,592","2,114,932,681"
2021/10/07,"2,959.46",51.15,1.76,1.86,14.20,1.17,"2,936.87","2,961.53","2,927.60","595,382","11,906,737","2,151,410,767"
2021/10/08,"2,956.30",-3.16,-0.11,1.86,14.18,1.17,"2,977.82","2,978.08","2,949.01","668,947","12,634,091","2,150,115,811"
2021/10/12,"2,916.38",-39.92,-1.35,1.88,13.99,1.15,"2,950.22","2,950.94","2,901.51","660,181","12,767,650","2,120,560,982"
2021/10/13,"2,944.41",28.03,0.96,1.87,14.12,1.16,"2,913.34","2,953.33","2,909.47","752,132","12,294,514","2,141,374,217"
2021/10/14,"2,988.64",44.23,1.50,1.84,14.34,1.18,"2,968.87","2,988.97","2,962.33","617,170","12,064,564","2,172,764,571"
2021/10/15,"3,015.06",26.42,0.88,1.82,14.47,1.19,"3,012.62","3,021.90","2,999.33","857,798","12,540,973","2,192,125,725"
2021/10/18,"3,006.68",-8.38,-0.28,1.83,14.43,1.19,"3,017.48","3,021.17","2,990.44","926,369","10,649,949","2,186,010,002"
2021/10/19,"3,029.04",22.36,0.74,1.81,14.54,1.20,"3,022.23","3,034.53","3,014.19","845,704","10,112,026","2,202,301,797"
2021/10/20,"3,013.13",-15.91,-0.53,1.82,14.46,1.19,"3,043.13","3,047.24","3,012.97","680,327","11,178,213","2,191,094,043"
2021/10/21,"3,007.33",-5.80,-0.19,1.83,14.43,1.19,"3,012.28","3,025.88","3,002.74","887,370","10,572,398","2,185,679,891"
2021/10/22,"3,006.16",-1.17,-0.04,1.83,14.43,1.19,"3,005.36","3,018.70","2,996.26","695,273","9,047,263","2,184,542,201"
2021/10/25,"3,020.54",14.38,0.48,1.82,14.50,1.19,"3,001.10","3,025.27","2,983.29","791,796","10,489,294","2,194,484,567"
2021/10/26,"3,049.08",28.54,0.94,1.80,14.63,1.20,"3,039.82","3,051.65","3,030.53","564,560","9,512,682","2,215,757,780"
2021/10/27,"3,025.49",-23.59,-0.77,1.82,14.52,1.19,"3,045.83","3,049.02","3,019.00","607,875","10,220,673","2,198,753,266"
2021/10/28,"3,009.55",-15.94,-0.53,1.83,14.44,1.19,"3,023.17","3,034.42","3,009.55","617,257","12,367,618","2,188,063,339"
2021/10/29,"2,970.68",-38.87,-1.29,1.85,14.25,1.17,"3,025.67","3,030.17","2,965.40","545,834","11,035,682","2,159,375,927"
2021/11/01,"2,978.94",8.26,0.28,1.84,14.30,1.18,"2,984.18","2,991.81","2,976.87","475,382","9,410,799","2,166,070,210"
2021/11/02,"3,013.49",34.55,1.16,1.82,14.46,1.19,"2,995.58","3,034.30","2,995.58","525,853","9,662,968","2,191,376,531"
2021/11/03,"2,975.71",-37.78,-1.25,1.85,14.29,1.17,"3,020.36","3,020.87","2,969.01","658,648","12,438,268","2,189,540,503"
2021/11/04,"2,983.22",7.51,0.25,1.82,14.50,1.19,"3,000.92","3,011.56","2,978.07","772,024","14,658,520","2,195,428,830"
2021/11/05,"2,969.27",-13.95,-0.47,1.83,14.43,1.19,"3,003.53","3,003.53","2,953.96","688,028","12,669,723","2,185,189,386"
2021/11/08,"2,960.20",-9.07,-0.31,1.83,14.39,1.18,"2,965.36","2,968.18","2,930.90","560,205","10,388,089","2,178,020,380"
2021/11/09,"2,962.46",2.26,0.08,1.83,14.40,1.18,"2,958.15","2,987.28","2,949.17","708,773","9,684,977","2,180,787,959"
2021/11/10,"2,930.17",-32.29,-1.09,1.85,14.24,1.17,"2,947.46","2,958.61","2,924.36","570,932","9,663,221","2,157,022,730"
2021/11/11,"2,924.92",-5.25,-0.18,1.85,14.21,1.17,"2,911.41","2,925.19","2,903.72","572,859","13,468,396","2,153,082,343"
2021/11/12,"2,968.80",43.88,1.50,1.83,14.43,1.19,"2,945.95","2,973.84","2,938.27","665,733","12,472,956","2,185,439,468"
2021/11/15,"2,999.52",30.72,1.03,1.81,14.58,1.20,"2,989.68","3,003.71","2,979.96","639,396","11,402,053","2,207,950,545"
2021/11/16,"2,997.21",-2.31,-0.08,1.81,14.59,1.20,"2,995.68","3,011.88","2,985.34","579,646","11,101,213","2,208,638,226"
2021/11/17,"2,962.42",-34.79,-1.16,1.83,14.42,1.19,"3,004.02","3,004.67","2,957.70","541,490","10,661,680","2,183,852,304"
2021/11/18,"2,947.38",-15.04,-0.51,1.84,14.34,1.18,"2,959.26","2,964.48","2,937.53","541,653","10,119,317","2,173,103,105"
2021/11/19,"2,971.02",23.64,0.80,1.82,14.46,1.19,"2,951.06","2,974.64","2,948.07","657,094","11,002,169","2,192,237,375"
2021/11/22,"3,013.25",42.23,1.42,1.80,14.67,1.21,"2,983.38","3,018.01","2,980.73","530,959","12,945,533","2,225,325,425"
2021/11/23,"2,997.33",-15.92,-0.53,1.81,14.59,1.20,"3,013.16","3,016.36","2,992.14","524,233","10,830,504","2,213,806,548"
2021/11/24,"2,994.29",-3.04,-0.10,1.81,14.57,1.20,"3,006.34","3,017.90","2,981.02","556,640","10,963,459","2,210,804,289"
2021/11/25,"2,980.27",-14.02,-0.47,1.82,14.51,1.19,"2,996.74","2,996.74","2,973.24","595,970","9,401,091","2,199,950,623"
2021/11/26,"2,936.44",-43.83,-1.47,1.84,14.29,1.17,"2,973.04","2,985.77","2,930.31","595,598","11,901,298","2,167,444,597"
2021/11/29,"2,909.32",-27.12,-0.92,1.86,14.17,1.16,"2,906.15","2,930.22","2,890.78","844,400","13,092,783","2,148,359,053"
2021/11/30,"2,839.01",-70.31,-2.42,1.92,13.77,1.13,"2,932.71","2,942.93","2,822.73","983,556","19,852,271","2,095,821,072"
2021/12/01,"2,899.72",60.71,2.14,1.87,14.07,1.16,"2,860.12","2,905.74","2,837.03","563,927","12,534,485","2,143,338,152"
2021/12/02,"2,945.27",45.55,1.57,1.85,14.29,1.17,"2,874.64","2,945.27","2,874.64","534,462","11,918,441","2,176,914,270"
2021/12/03,"2,968.33",23.06,0.78,1.83,14.40,1.18,"2,935.93","2,975.44","2,927.55","486,749","10,344,373","2,192,835,466"
2021/12/06,"2,973.25",4.92,0.17,1.83,14.43,1.19,"2,954.82","2,983.50","2,932.49","479,908","9,657,402","2,197,379,064"
2021/12/07,"2,991.72",18.47,0.62,1.82,14.52,1.19,"2,973.84","2,992.31","2,960.90","541,370","10,215,647","2,211,216,991"
2021/12/08,"3,001.80",10.08,0.34,1.81,14.57,1.20,"3,017.93","3,036.13","2,995.34","488,246","11,115,221","2,218,153,437"
2021/12/09,"3,029.57",27.77,0.93,1.79,14.71,1.21,"3,007.00","3,029.57","3,001.55","513,446","12,614,031","2,238,777,012"
2021/12/10,"3,010.23",-19.34,-0.64,1.80,14.62,1.20,"3,008.70","3,017.64","2,998.29","451,599","8,434,891","2,225,643,250"
2021/12/13,"3,001.66",-8.57,-0.28,1.81,12.82,1.15,"3,019.67","3,043.83","3,000.51","375,828","8,629,449","2,219,441,357"
2021/12/14,"2,987.95",-13.71,-0.46,1.82,12.76,1.15,"2,983.95","3,001.70","2,976.16","581,570","9,856,790","2,209,778,034"
2021/12/15,"2,989.39",1.44,0.05,1.82,12.77,1.15,"2,979.83","2,992.30","2,973.00","432,874","8,253,059","2,210,896,375"
2021/12/16,"3,006.41",17.02,0.57,1.81,12.84,1.15,"3,013.26","3,018.20","2,989.63","402,825","8,524,314","2,223,256,396"
2021/12/17,"3,017.73",11.32,0.38,1.80,12.89,1.16,"2,985.20","3,017.73","2,984.19","451,824","11,650,003","2,231,055,479"
2021/12/20,"2,963.00",-54.73,-1.81,1.83,12.65,1.14,"3,001.33","3,001.33","2,962.07","377,585","8,621,306","2,191,456,184"
2021/12/21,"2,975.03",12.03,0.41,1.82,12.70,1.14,"2,981.67","2,984.56","2,955.90","410,980","9,108,501","2,200,896,110"
2021/12/22,"2,984.48",9.45,0.32,1.82,12.74,1.14,"2,993.50","3,000.79","2,976.65","461,755","8,835,650","2,208,300,471"
2021/12/23,"2,998.17",13.69,0.46,1.81,12.80,1.15,"2,998.02","3,000.70","2,980.91","483,839","9,319,627","2,218,653,457"
2021/12/24,"3,012.43",14.26,0.48,1.80,12.86,1.15,"3,009.48","3,025.77","3,009.48","537,548","8,583,473","2,230,019,406"
2021/12/27,"2,999.55",-12.88,-0.43,1.81,12.80,1.15,"3,013.94","3,017.31","2,999.30","475,363","8,280,395","2,221,527,069"
2021/12/28,"3,020.24",20.69,0.69,1.80,12.89,1.16,"3,006.77","3,020.29","2,991.55","607,046","12,096,894","2,237,623,537"
2021/12/29,"2,993.29",-26.95,-0.89,1.81,12.78,1.15,"3,002.90","3,007.72","2,988.67","545,832","10,908,667","2,215,462,632"
2021/12/30,"2,977.65",-15.64,-0.52,1.82,12.72,1.14,"2,999.75","3,005.36","2,975.74","461,038","8,727,458","2,203,366,546"
